/*
 Navicat Premium Dump SQL

 Source Server         : lsrt
 Source Server Type    : MySQL
 Source Server Version : 80028 (8.0.28)
 Source Host           : localhost:3306
 Source Schema         : znxsgltest

 Target Server Type    : MySQL
 Target Server Version : 80028 (8.0.28)
 File Encoding         : 65001

 Date: 01/06/2026 16:24:45
*/

SET NAMES utf8mb4;
SET FOREIGN_KEY_CHECKS = 0;

-- ----------------------------
-- Table structure for chat_message
-- ----------------------------
DROP TABLE IF EXISTS `chat_message`;
CREATE TABLE `chat_message`  (
  `id` bigint NOT NULL AUTO_INCREMENT,
  `course_name` varchar(200) CHARACTER SET utf8mb4 COLLATE utf8mb4_unicode_ci NOT NULL COMMENT '课程名',
  `user_id` bigint NOT NULL COMMENT '发送者用户ID',
  `sender_name` varchar(100) CHARACTER SET utf8mb4 COLLATE utf8mb4_unicode_ci NULL DEFAULT '' COMMENT '发送者姓名',
  `sender_role` varchar(20) CHARACTER SET utf8mb4 COLLATE utf8mb4_unicode_ci NOT NULL COMMENT 'student/teacher/ai',
  `content` text CHARACTER SET utf8mb4 COLLATE utf8mb4_unicode_ci NOT NULL COMMENT '消息内容',
  `is_read` tinyint(1) NOT NULL DEFAULT 0,
  `created_at` datetime NULL DEFAULT CURRENT_TIMESTAMP COMMENT '发送时间',
  PRIMARY KEY (`id`) USING BTREE,
  INDEX `idx_course`(`course_name` ASC) USING BTREE,
  INDEX `idx_user_id`(`user_id` ASC) USING BTREE,
  INDEX `idx_course_time`(`course_name` ASC, `created_at` ASC) USING BTREE,
  CONSTRAINT `chat_message_ibfk_1` FOREIGN KEY (`user_id`) REFERENCES `user` (`id`) ON DELETE CASCADE ON UPDATE RESTRICT
) ENGINE = InnoDB AUTO_INCREMENT = 131 CHARACTER SET = utf8mb4 COLLATE = utf8mb4_unicode_ci COMMENT = '课程聊天消息' ROW_FORMAT = Dynamic;

-- ----------------------------
-- Records of chat_message
-- ----------------------------
INSERT INTO `chat_message` VALUES (1, '数据结构与算法基础', 10, '张明', 'student', '111', 0, '2026-05-24 22:07:49');
INSERT INTO `chat_message` VALUES (2, 'Python程序设计', 10, '张明', 'student', '6546545', 0, '2026-05-24 22:07:58');
INSERT INTO `chat_message` VALUES (3, '数据结构与算法基础', 10, '张明', 'student', '564894549564', 0, '2026-05-24 22:08:05');
INSERT INTO `chat_message` VALUES (4, 'Python程序设计', 10, '张明', 'student', '你好', 0, '2026-05-24 22:39:34');
INSERT INTO `chat_message` VALUES (5, 'Python程序设计', 10, '张明', 'student', '你好', 0, '2026-05-24 22:40:13');
INSERT INTO `chat_message` VALUES (6, 'Python程序设计', 10, '张明', 'student', 'ni', 0, '2026-05-24 22:40:53');
INSERT INTO `chat_message` VALUES (7, 'Python程序设计', 10, '张明', 'ai', '（AI 暂未返回内容，请稍后重试）', 0, '2026-05-24 22:41:34');
INSERT INTO `chat_message` VALUES (8, 'Python程序设计', 10, '张明', 'ai', '（AI 暂未返回内容，请稍后重试）', 0, '2026-05-24 22:42:13');
INSERT INTO `chat_message` VALUES (9, 'Python程序设计', 10, '张明', 'ai', '（AI 暂未返回内容，请稍后重试）', 0, '2026-05-24 22:42:53');
INSERT INTO `chat_message` VALUES (10, '数据结构与算法基础', 10, '张明', 'student', '你好', 0, '2026-05-24 22:43:49');
INSERT INTO `chat_message` VALUES (11, '数据结构与算法基础', 10, '张明', 'student', '你好', 0, '2026-05-24 22:44:07');
INSERT INTO `chat_message` VALUES (12, '数据结构与算法基础', 10, '张明', 'ai', '（AI 未返回内容，请检查模型名是否正确）', 0, '2026-05-24 22:45:50');
INSERT INTO `chat_message` VALUES (13, '数据结构与算法基础', 10, '张明', 'ai', '（AI 未返回内容，请检查模型名是否正确）', 0, '2026-05-24 22:46:08');
INSERT INTO `chat_message` VALUES (14, '数据结构与算法基础', 10, '张明', 'student', '你好', 0, '2026-05-24 22:46:40');
INSERT INTO `chat_message` VALUES (15, '数据结构与算法基础', 10, '张明', 'student', '什么是二叉树', 0, '2026-05-24 22:47:04');
INSERT INTO `chat_message` VALUES (16, '数据结构与算法基础', 10, '张明', 'student', '什么是二叉树', 0, '2026-05-24 22:47:33');
INSERT INTO `chat_message` VALUES (17, '数据结构与算法基础', 10, '张明', 'ai', '你好！欢迎来到《数据结构与算法基础》课程学习～  \n我是你的智能助教，可以帮你解答关于**线性表、栈与队列、树与二叉树、图、查找、排序**等核心内容的问题，也可以协助你理解算法思想、复杂度分析、代码实现等。\n\n请问今天你想了解哪部分内容？😊', 0, '2026-05-24 22:48:41');
INSERT INTO `chat_message` VALUES (18, '数据结构与算法基础', 10, '张明', 'ai', '在《数据结构与算法基础》课程中，**二叉树（Binary Tree）** 是一种重要的非线性数据结构，其定义如下：\n\n> **二叉树** 是由一个根节点和两棵互不相交的子树组成的有序树，这两棵子树分别称为**左子树**和**右子树**，且左、右子树本身也都是二叉树。\n\n### 核心特征：\n1. **每个节点最多有两个子节点**：即左孩子和右孩子；\n2. **子树有左右之分**：即使某节点只有一个孩子，也必须明确是左孩子还是右孩子（这是“有序”的体现）；\n3. **递归定义**：空树（null）也是二叉树；若 T 是二叉树，则其左子树 L 和右子树 R 也都是二叉树。\n\n### 示例（图形表示）：\n```\n        A\n       / \\\n      B   C\n     / \\   \\\n    D   E   F\n```\n- A 是根节点；\n- B 是 A 的左孩子，C 是 A 的右孩子；\n- D、E 是 B 的左、右孩子；\n- F 是 C 的右孩子（C 无左孩子）；\n- D、E、F 均为叶子节点（无子节点）。\n\n### 常见类型（课程重点）：\n- **满二叉树**：除叶子层外，每层节点数都达到最大，且所有叶子都在最底层。\n- **完全二叉树**：除最后一层外，其余层均满；最后一层节点靠左连续排列（堆常用此结构）。\n- **二叉搜索树（BST）**：左子树所有节点值 < 根节点值 < 右子树所有节点值（后续章节重点）。\n\n### 存储方式：\n- **链式存储**（最常用）：每个节点含 `data`、`leftChild`、`rightChild` 指针；\n- **顺序存储**（适用于完全二叉树）：用数组按层序编号存储（如 `i` 节点的左孩子为 `2i+1`，右孩子为 `2i+2`）。\n\n需要我进一步讲解遍历方法（前序/中序/后序/层序）、性质（如 n 个节点的二叉树有 n+1 个空指针），或画图演示吗？', 0, '2026-05-24 22:49:05');
INSERT INTO `chat_message` VALUES (19, '数据结构与算法基础', 10, '张明', 'ai', '在《数据结构与算法基础》中，**二叉树（Binary Tree）** 是一种重要的非线性数据结构，其定义如下：\n\n> **二叉树** 是由一个根节点和两棵互不相交的子树组成的有序树，这两棵子树分别称为**左子树**和**右子树**，且它们本身也都是二叉树。\n\n### 核心特征：\n1. **每个节点最多有两个子节点**：即左孩子和右孩子（可以为空）；\n2. **子树有序**：左子树和右子树有严格区分，不能互换（例如：左空右非空 ≠ 左非空右空）；\n3. **递归结构**：二叉树是递归定义的——空树是二叉树；若 T 是二叉树，则 `T = (root, left-subtree, right-subtree)` 也是二叉树，其中 left-subtree 和 right-subtree 均为二叉树。\n\n### 基本术语：\n- **根节点（Root）**：没有父节点的唯一节点（空树无根）；\n- **叶子节点（Leaf）**：没有子节点的节点；\n- **度（Degree）**：节点的子节点个数（二叉树中节点度 ∈ {0,1,2}）；\n- **深度/高度（Depth/Height）**：从根到某节点的路径长度（根深度为0或1，依约定而定）；整棵树的高度是根节点的高度；\n- **层（Level）**：根为第1层（或0层），子节点比父节点大1层。\n\n### 常见类型（后续课程会深入）：\n- 满二叉树（Full Binary Tree）：每个非叶节点都有两个子节点；\n- 完全二叉树（Complete Binary Tree）：除最后一层外，其余层全满，且最后一层节点靠左对齐；\n- 二叉搜索树（BST）：左子树所有节点值 < 根 < 右子树所有节点值；\n- 平衡二叉树（如AVL树、红黑树）：左右子树高度差受限，保证操作效率。\n\n### 示例（图形表示）：\n```\n        A\n       / \\\n      B   C\n     / \\   \\\n    D   E   F\n```\n这是一棵含6个节点的二叉树，其中：\n- 根为 A；\n- B 是 A 的左孩子，C 是 A 的右孩子；\n- D、E 是 B 的左右孩子；\n- F 是 C 的右孩子；\n- D、E、F 是叶子节点。\n\n---\n\n📌 提示：二叉树是后续学习**遍历（前序/中序/后序/层序）**、**线索化**、**堆（Heap）**、**二叉搜索树**等高级结构的基础，请务必掌握其基本性质与递归思想。\n\n需要我为你画出递归遍历过程，或用代码实现吗？', 0, '2026-05-24 22:49:34');
INSERT INTO `chat_message` VALUES (20, '数据结构与算法基础', 10, '张明', 'student', '什么是二叉树', 0, '2026-05-24 22:52:15');
INSERT INTO `chat_message` VALUES (21, '数据结构与算法基础', 10, '张明', 'ai', '在《数据结构与算法基础》课程中，**二叉树（Binary Tree）** 是一种重要的非线性数据结构，其定义如下：\n\n> **二叉树** 是由一个根节点和两棵互不相交的子树组成的有序树，这两棵子树分别称为**左子树**和**右子树**，且左、右子树本身也都是二叉树。\n\n### 核心特征：\n1. **每个节点最多有两个子节点**：即左孩子和右孩子；\n2. **子树有左右之分**：即使某节点只有一个孩子，也必须明确是左孩子还是右孩子（这是“有序”的体现）；\n3. **递归定义**：空树（无节点）也是二叉树；若T是一个二叉树，则它可表示为：  \n   `T = (root, left-subtree, right-subtree)`，其中 left-subtree 和 right-subtree 均为二叉树。\n\n### 举例：\n```\n       A\n      / \\\n     B   C\n    / \\   \\\n   D   E   F\n```\n这是一个典型的二叉树：A 是根节点，B 是 A 的左孩子，C 是 A 的右孩子；D、E 是 B 的左右孩子，F 是 C 的右孩子。\n\n### 常见类型（后续会深入学习）：\n- 满二叉树（Full Binary Tree）  \n- 完全二叉树（Complete Binary Tree）  \n- 平衡二叉树（AVL Tree）  \n- 二叉搜索树（BST）\n\n### 存储方式：\n- **链式存储**：每个节点包含数据域、左指针、右指针（最常用）；\n- **顺序存储**：用数组按层次编号存储（适用于完全二叉树）。\n\n如果你需要进一步了解二叉树的遍历（前序、中序、后序、层序）、构造、应用（如表达式树、Huffman树）或相关算法（如求深度、叶子结点数等），欢迎继续提问！', 0, '2026-05-24 22:52:28');
INSERT INTO `chat_message` VALUES (22, '微信小程序设计', 10, '张明', 'student', '你好', 0, '2026-05-24 22:58:01');
INSERT INTO `chat_message` VALUES (23, '微信小程序设计', 10, '张明', 'ai', '你好！欢迎来到《微信小程序设计》课程～😊  \n我是你的智能助教，可以帮你解答关于微信小程序开发的各类问题，比如：\n\n- 小程序基础结构（app.json、page.json、wxml、wxss、js）\n- 页面跳转与路由（navigator、wx.navigateTo 等）\n- 数据绑定与事件处理\n- 组件使用（view、text、button、scroll-view 等）\n- 云开发（云函数、云数据库、云存储）\n- 实战项目指导（如：todo list、天气小程序、电商首页等）\n\n你目前在学习哪部分内容？或者有什么具体问题想探讨？我可以为你详细讲解～ 🚀', 0, '2026-05-24 22:58:06');
INSERT INTO `chat_message` VALUES (24, '微信小程序设计', 10, '张明', 'student', '什么是云开发？', 0, '2026-05-24 22:58:26');
INSERT INTO `chat_message` VALUES (25, '微信小程序设计', 10, '张明', 'ai', '在《微信小程序设计》课程中，**云开发（Cloud Development）** 是微信官方提供的一套**后端云服务解决方案**，旨在帮助开发者**无需搭建和运维服务器**，即可快速实现小程序的后端能力。\n\n### 云开发的核心特点：\n1. **免运维**  \n   微信提供云函数、云数据库、云存储等基础设施，开发者无需购买服务器、配置环境或管理运维。\n\n2. **一体化开发体验**  \n   与微信开发者工具深度集成，支持本地调试云函数、可视化管理数据库等。\n\n3. **安全可控**  \n   所有资源通过微信账号授权访问，天然具备用户身份认证（如 `wx.login` 获取 openid），并支持权限控制（如数据库的读写权限规则）。\n\n---\n\n### 云开发的三大核心能力：\n\n| 能力 | 说明 |\n|------|------|\n| **云函数（Cloud Functions）** | 在云端运行的 Node.js 函数，可处理业务逻辑、调用第三方 API、操作数据库等。前端通过 `wx.cloud.callFunction` 调用。 |\n| **云数据库（Cloud Database）** | 基于 JSON 文档型的 NoSQL 数据库，支持实时数据监听、聚合查询、权限控制等，通过 `wx.cloud.database()` 操作。 |\n| **云存储（Cloud Storage）** | 用于存储图片、视频、文件等静态资源，支持上传/下载、签名访问、CDN 加速等。 |\n\n---\n\n### 典型应用场景举例：\n- 用户登录后自动创建个人资料（云函数 + 云数据库）\n- 上传头像到云存储，并将链接存入数据库\n- 实现“点赞”功能：前端调用云函数更新计数器（避免直接操作数据库带来的安全风险）\n\n> 📌 提示：在课程实验中，我们常使用云开发来构建“待办事项”、“留言墙”、“问卷收集”等小程序后端，是本课程重点掌握的技术模块之一。\n\n如果你需要，我可以为你提供一个简单的云开发入门示例代码 👇  \n是否想看？', 0, '2026-05-24 22:58:38');
INSERT INTO `chat_message` VALUES (26, '微信小程序设计', 10, '张明', 'student', '什么是云开发？', 0, '2026-05-24 23:05:12');
INSERT INTO `chat_message` VALUES (27, '微信小程序设计', 10, '张明', 'ai', '云开发（Cloud Development）是微信小程序提供的一套**原生支持的后端云服务**，旨在帮助开发者**无需搭建和维护服务器**，即可快速构建具备完整前后端能力的小程序应用。\n\n### 云开发的核心组成（三大基础能力）：\n\n1. **云函数（Cloud Functions）**\n   - 运行在云端的 Node.js 函数，可被小程序端调用。\n   - 用于处理业务逻辑、访问数据库、调用第三方 API 等。\n   - 支持定时触发、HTTP 触发等多种触发方式。\n   - 示例：用户登录验证、数据统计、发送模板消息等。\n\n2. **云数据库（Cloud Database）**\n   - 基于 MongoDB 的 JSON 文档型数据库，支持实时数据监听。\n   - 数据库操作通过 SDK 在小程序端或云函数中完成，**无需写后端接口**。\n   - 提供安全规则（Security Rules），控制读写权限（如仅登录用户可写入自己的数据）。\n\n3. **云存储（Cloud Storage）**\n   - 用于存储文件（如图片、音频、视频、PDF 等）。\n   - 每个文件有唯一访问路径（URL），支持上传、下载、删除等操作。\n   - 支持按用户/角色设置访问权限。\n\n### 附加能力：\n- **云调用（Cloud API）**：在云函数中直接调用微信开放接口（如发送模板消息、获取用户信息、支付回调等），**免鉴权**。\n- **环境管理**：支持多环境（如开发、测试、生产），便于团队协作与灰度发布。\n- **日志与监控**：提供云函数运行日志、性能监控、错误告警等运维能力。\n\n### 优势：\n✅ 快速上线：省去服务器部署、运维成本  \n✅ 安全可控：基于微信生态的身份体系与权限控制  \n✅ 成本低：免费额度充足，适合中小型项目与学习实践  \n\n> 📌 在《微信小程序设计》课程中，我们会在“后端能力拓展”章节重点讲解云开发的实操，包括：创建云环境、编写云函数、数据库增删改查、云存储上传图片等。欢迎继续提问具体操作步骤！\n\n需要我为你演示一个「用户上传头像 + 存入数据库」的云开发完整案例吗？', 0, '2026-05-24 23:05:27');
INSERT INTO `chat_message` VALUES (28, '微信小程序设计', 10, '张明', 'student', '什么是云开发？', 0, '2026-05-24 23:06:22');
INSERT INTO `chat_message` VALUES (29, '微信小程序设计', 10, '张明', 'ai', '云开发（Cloud Development）是微信小程序提供的一套**原生支持的后端云服务解决方案**，它让开发者无需搭建和维护自己的服务器，即可快速实现小程序的后端能力，如数据库、文件存储、云函数、用户登录等。\n\n### 云开发的核心能力包括：\n\n1. **云数据库（Cloud Database）**  \n   - 基于 MongoDB 的 JSON 文档型数据库  \n   - 支持实时数据监听、权限控制、聚合查询等  \n   - 数据直接在小程序端通过 SDK 操作（需配置安全规则）\n\n2. **云存储（Cloud Storage）**  \n   - 用于存储图片、视频、文件等非结构化数据  \n   - 提供上传、下载、删除等 API  \n   - 支持按路径管理文件与访问权限控制\n\n3. **云函数（Cloud Functions）**  \n   - 运行在云端的 Node.js 函数  \n   - 可被小程序端调用，用于处理敏感逻辑（如支付、数据校验）、定时任务等  \n   - 具备自动伸缩、免运维特性  \n   - 可访问数据库、存储、HTTP 请求等资源\n\n4. **云调用（Cloud API）**  \n   - 在云函数中直接调用微信开放接口（如发送模板消息、获取用户信息等）  \n   - 无需自己申请 AppID/Secret，由云环境自动鉴权\n\n5. **统一身份认证（Login）**  \n   - `wx.login()` + 云函数可实现安全的用户登录与身份识别  \n   - 支持自定义用户体系或与微信 openid 绑定\n\n---\n\n### 优势：\n- ✅ **零运维**：无需购买服务器、部署环境  \n- ✅ **快速上线**：前后端一体化开发，适合 MVP 验证  \n- ✅ **安全可控**：通过安全规则与云函数隔离敏感操作  \n- ✅ **成本低**：基础功能免费，按量计费（尤其适合学生项目/小型应用）\n\n---\n\n### 示例场景：\n> 开发一个“校园失物招领”小程序：  \n> - 用户拍照上传物品 → 存入**云存储**  \n> - 物品信息（标题、地点、时间）写入**云数据库**  \n> - 管理员通过**云函数**审核并推送通知  \n> - 所有操作均在小程序端 + 云开发完成，无传统后端\n\n---\n\n📌 **注意**：使用云开发前需在【微信公众平台】开通「云开发」环境，并在项目中初始化（`wx.cloud.init()`）。\n\n需要我为你演示一个简单的云开发实战步骤吗？比如：从创建环境到写一个云函数存数据？', 0, '2026-05-24 23:06:43');
INSERT INTO `chat_message` VALUES (30, '微信小程序设计', 10, '张明', 'student', '你好', 0, '2026-05-24 23:07:22');
INSERT INTO `chat_message` VALUES (31, '微信小程序设计', 10, '张明', 'ai', '你好！欢迎来到《微信小程序设计》课程～😊  \n我是你的智能助教，可以帮你解答关于微信小程序开发的各类问题，比如：\n\n- 小程序基础结构（app.json、page.json、WXML、WXSS、JS）\n- 页面跳转与路由（`wx.navigateTo`、`wx.redirectTo` 等）\n- 数据绑定与事件处理\n- 云开发（云函数、云数据库、云存储）\n- 组件使用（如 `view`、`text`、`button`、自定义组件等）\n- 调试技巧与真机预览\n\n你目前在学习哪部分内容？或者有什么具体问题想了解？我可以为你详细讲解～ 📱✨', 0, '2026-05-24 23:07:26');
INSERT INTO `chat_message` VALUES (32, '高级网站技术', 10, '张明', 'student', '高级网站技术都有哪些？', 0, '2026-05-24 23:17:32');
INSERT INTO `chat_message` VALUES (33, '高级网站技术', 10, '张明', 'ai', '《高级网站技术》课程通常涵盖现代Web开发中较深入、复杂的技术与架构，旨在培养学生构建高性能、可扩展、安全的Web应用的能力。以下是一些核心内容（具体可能因学校/教材略有差异）：\n\n### 一、前端高级技术\n- **现代JavaScript框架**：React、Vue、Angular 的深入使用（组件化、状态管理如 Redux / Pinia / NgRx、服务端渲染 SSR / 静态站点生成 SSG）\n- **TypeScript**：类型系统、泛型、装饰器等高级特性\n- **前端工程化**：\n  - 构建工具：Webpack、Vite、Rollup 配置与优化\n  - 包管理：npm / yarn / pnpm 高级用法\n  - CI/CD 与自动化测试（Jest、Cypress、Playwright）\n- **Web性能优化**：懒加载、代码分割、缓存策略、Lighthouse 分析、Core Web Vitals\n\n### 二、后端高级技术\n- **服务端框架**：\n  - Node.js（Express/Koa/NestJS）、Python（Django/FastAPI）、Java（Spring Boot）、Go（Gin/Echo）等的进阶开发\n- **RESTful API 与 GraphQL**：\n  - 设计规范、版本控制、错误处理、文档（Swagger/OpenAPI）\n  - GraphQL 查询优化、Schema stitching、订阅（Subscriptions）\n- **微服务架构**：\n  - 服务拆分原则、API网关（如 Kong、Nginx）、服务发现（Consul、Eureka）\n  - 分布式事务（Saga、TCC）、熔断降级（Hystrix、Resilience4j）\n\n### 三、数据库与存储\n- **NoSQL 数据库**：MongoDB、Redis（缓存/消息队列）、Elasticsearch（全文检索）\n- **关系型数据库高级应用**：索引优化、查询执行计划、分库分表（ShardingSphere）\n- **ORM/ODM 进阶**：Sequelize、TypeORM、Prisma、MyBatis Plus 等的性能调优与事务控制\n\n### 四、部署与运维\n- **容器化与编排**：Docker 镜像优化、Kubernetes 基础部署与扩缩容\n- **云原生技术**：Serverless（AWS Lambda、Vercel、Cloud Functions）、FaaS 构\n- **DevOps 实践**：GitLab CI / GitHub Actions 自动化流水线、监控（Prometheus + Grafana）、日志收集（ELK）\n\n### 五、安全与合规\n- **Web安全防护**：XSS、CSRF、SQL注入防御；JWT/OAuth2.0 认证授权\n- **HTTPS/TLS 深入**：证书管理、HSTS、CSP 策略\n- **隐私合规**：GDPR、Cookie 合规处理（如 CCPA）\n\n### 六、前沿方向（选讲）\n- **WebAssembly（Wasm）**：在浏览器中运行高性能代码\n- **PWA（渐进式Web应用）**：离线支持、推送通知、安装到桌面\n- **边缘计算与CDN集成**：如 Cloudflare Workers、Edge Functions\n\n> 📌 提示：本课程常以一个综合项目（如电商系统、社交平台）贯穿始终，要求学生整合上述技术完成全栈开发。\n\n如果你有具体的教材名称或教学大纲，我可以帮你进一步细化重点内容～', 0, '2026-05-24 23:17:56');
INSERT INTO `chat_message` VALUES (34, '高级网站技术', 10, '张明', 'student', '什么蛋糕好吃？', 0, '2026-05-24 23:22:11');
INSERT INTO `chat_message` VALUES (35, '高级网站技术', 10, '张明', 'ai', '你好！不过我主要是《高级网站技术》课程的智能助教，专注于帮助你理解 Web 开发相关的知识，比如 HTML/CSS/JavaScript、前后端框架、RESTful API、数据库集成、部署优化等内容 😊\n\n如果你对“蛋糕”感兴趣——也许是在做美食类网站项目？比如想用 React/Vue 做一个甜品推荐系统？或者用 Node.js + Express 搭建一个蛋糕店在线订购平台？我可以帮你设计架构、写接口、甚至用 JSON 数据模拟蛋糕菜单～ 🎂💻\n\n欢迎随时告诉我你的课程相关需求！', 0, '2026-05-24 23:22:15');
INSERT INTO `chat_message` VALUES (36, '高级网站技术', 10, '张明', 'student', '如何学好这门课程', 0, '2026-05-24 23:23:02');
INSERT INTO `chat_message` VALUES (37, '高级网站技术', 10, '张明', 'ai', '学好《高级网站技术》这门课程，关键在于**理论扎实 + 实践深入 + 项目驱动 + 持续迭代**。以下是我为你整理的系统性学习建议，结合课程特点（通常涵盖：现代前端框架、后端架构、RESTful API、数据库优化、部署运维、安全与性能等）：\n\n---\n\n### ✅ 一、明确课程目标与知识图谱\n先理清本课程的核心模块（参考常见大纲）：\n- 前端进阶：React/Vue/Next.js 等框架原理与工程化  \n- 后端开发：Node.js / Python Flask/Django / Java Spring Boot 等  \n- 全栈整合：前后端分离、JWT/OAuth2 认证、WebSocket、GraphQL  \n- 数据层：SQL/NoSQL 优化、ORM、缓存（Redis）、消息队列  \n- 部署与运维：Docker、Nginx、CI/CD（GitHub Actions / Jenkins）  \n- 安全与性能：XSS/CSRF防护、CORS、懒加载、服务端渲染（SSR）、PWA  \n\n📌 **行动建议**：  \n- 获取课程 syllabus（教学大纲），标出重点章节；  \n- 绘制自己的“知识地图”，标注已掌握/待突破点。\n\n---\n\n### ✅ 二、分阶段学习策略\n\n| 阶段 | 目标 | 方法 |\n|------|------|------|\n| 📘 **基础巩固期**（1–2周） | 理解核心概念，避免“只会抄代码” | - 精读教材/官方文档（如 MDN、Vue Guide、Express.js 官网）<br>- 手写简易版轮子（如：手写一个 mini-router、简易状态管理） |\n| 💻 **实践深化期**（3–6周） | 从“能跑”到“懂原理” | - 每章配套小实验（如：用原生 JS 实现 Vue 响应式、用 Express 写 REST API）<br>- 对比不同方案（如：传统 MVC vs. SPA vs. SSR） |\n| 🧩 **项目整合期**（持续） | 构建完整产品思维 | - 个人项目：博客系统 → 电商后台 → 实时协作工具<br>- 使用真实技术栈（如：Next.js + Prisma + PostgreSQL + Vercel）<br>- 强制自己写单元测试 & 性能分析报告 |\n| 🔍 **拓展反思期** | 跳出课程看行业 | - 阅读 GitHub 热门项目源码（如：Nuxt.js、Strapi）<br>- 关注 Web.dev、CSS-Tricks、InfoQ 技术趋势 |\n\n---\n\n### ✅ 三、高效学习技巧\n- **费曼学习法**：尝试向同学/自己讲解“为什么用 Redis 缓存而不用内存对象？”  \n- **问题驱动学习**：遇到报错不要直接搜解决方案，先查文档 + 看源码调用栈  \n- **代码审查习惯**：提交前自问：是否可读？是否可测？是否安全？是否可扩展？  \n- **善用工具链**：  \n  - DevTools 深度调试（Network、Performance、Memory）  \n  - Chrome Lighthouse 做性能审计  \n  - Postman / Insomnia 测试 API  \n  - Git 提交规范（如 Conventional Commits）\n\n---\n\n### ✅ 四、课程专属加分项\n- 主动参与课堂 Demo 演示（哪怕只是改一行代码并解释影响）  \n- 在作业中加入“设计决策说明”（例如：为何选 MongoDB 而非 MySQL？）  \n- 提交 GitHub 仓库时附上 `ARCHITECTURE.md` 文档，展示系统设计思考  \n\n> 🌟 小提醒：这门课不是“学会语法”，而是培养**构建健壮、可维护、可扩展的 Web 系统的能力**。你写的每一行代码，都应该能回答：“它解决了什么问题？代价是什么？如何改进？”\n\n---\n\n如果你告诉我你当前的进度（比如：刚学完 Express，还是正在做 React 项目？），我可以为你定制一份**个性化学习计划表** 😊  \n需要吗？', 0, '2026-05-24 23:23:27');
INSERT INTO `chat_message` VALUES (38, '高级网站技术', 10, '张明', 'student', 'we', 0, '2026-05-24 23:24:44');
INSERT INTO `chat_message` VALUES (39, '高级网站技术', 10, '张明', 'ai', '你好！请问你是想了解《高级网站技术》课程的某个具体主题吗？比如：\n\n- 前端框架（如 React、Vue、Angular）  \n- 后端开发（Node.js、Express、RESTful API 设计）  \n- 数据库与 ORM（MongoDB、MySQL、Sequelize、Mongoose）  \n- 全栈项目架构与部署（Docker、Nginx、CI/CD）  \n- 安全性（JWT、OAuth、CORS、XSS/CSRF 防护）  \n- 性能优化（懒加载、服务端渲染 SSR、CDN、缓存策略）  \n\n请告诉我你的具体问题或学习目标，我会为你提供针对性的帮助 😊', 0, '2026-05-24 23:24:48');
INSERT INTO `chat_message` VALUES (40, '多媒体课件设计与开发', 10, '张明远', 'teacher', '📢 课程「多媒体课件设计与开发」排课已更新：周日 08:30-09:55', 1, '2026-05-29 16:04:05');
INSERT INTO `chat_message` VALUES (41, '多媒体课件设计与开发', 11, '张明远', 'teacher', '📢 课程「多媒体课件设计与开发」排课已更新：周日 08:30-09:55', 1, '2026-05-29 16:04:05');
INSERT INTO `chat_message` VALUES (42, '多媒体课件设计与开发', 12, '张明远', 'teacher', '📢 课程「多媒体课件设计与开发」排课已更新：周日 08:30-09:55', 0, '2026-05-29 16:04:05');
INSERT INTO `chat_message` VALUES (43, '多媒体课件设计与开发', 13, '张明远', 'teacher', '📢 课程「多媒体课件设计与开发」排课已更新：周日 08:30-09:55', 0, '2026-05-29 16:04:05');
INSERT INTO `chat_message` VALUES (44, '多媒体课件设计与开发', 10, '张明远', 'teacher', '📢 课程「多媒体课件设计与开发」排课已更新：周日 19:10-21:30', 1, '2026-05-29 16:23:29');
INSERT INTO `chat_message` VALUES (45, '多媒体课件设计与开发', 11, '张明远', 'teacher', '📢 课程「多媒体课件设计与开发」排课已更新：周日 19:10-21:30', 1, '2026-05-29 16:23:29');
INSERT INTO `chat_message` VALUES (46, '多媒体课件设计与开发', 12, '张明远', 'teacher', '📢 课程「多媒体课件设计与开发」排课已更新：周日 19:10-21:30', 0, '2026-05-29 16:23:29');
INSERT INTO `chat_message` VALUES (47, '多媒体课件设计与开发', 13, '张明远', 'teacher', '📢 课程「多媒体课件设计与开发」排课已更新：周日 19:10-21:30', 0, '2026-05-29 16:23:29');
INSERT INTO `chat_message` VALUES (48, '多媒体课件设计与开发', 10, '张明远', 'teacher', '📢 课程「多媒体课件设计与开发」排课已更新：周日 19:10-21:30', 1, '2026-05-29 16:25:03');
INSERT INTO `chat_message` VALUES (49, '多媒体课件设计与开发', 11, '张明远', 'teacher', '📢 课程「多媒体课件设计与开发」排课已更新：周日 19:10-21:30', 1, '2026-05-29 16:25:03');
INSERT INTO `chat_message` VALUES (50, '多媒体课件设计与开发', 12, '张明远', 'teacher', '📢 课程「多媒体课件设计与开发」排课已更新：周日 19:10-21:30', 0, '2026-05-29 16:25:03');
INSERT INTO `chat_message` VALUES (51, '多媒体课件设计与开发', 13, '张明远', 'teacher', '📢 课程「多媒体课件设计与开发」排课已更新：周日 19:10-21:30', 0, '2026-05-29 16:25:03');
INSERT INTO `chat_message` VALUES (52, '多媒体课件设计与开发', 10, '张明远', 'teacher', '📢 课程「多媒体课件设计与开发」排课已更新：周日 19:10-21:30', 1, '2026-05-29 16:57:40');
INSERT INTO `chat_message` VALUES (53, '多媒体课件设计与开发', 11, '张明远', 'teacher', '📢 课程「多媒体课件设计与开发」排课已更新：周日 19:10-21:30', 1, '2026-05-29 16:57:40');
INSERT INTO `chat_message` VALUES (54, '多媒体课件设计与开发', 12, '张明远', 'teacher', '📢 课程「多媒体课件设计与开发」排课已更新：周日 19:10-21:30', 0, '2026-05-29 16:57:40');
INSERT INTO `chat_message` VALUES (55, '多媒体课件设计与开发', 13, '张明远', 'teacher', '📢 课程「多媒体课件设计与开发」排课已更新：周日 19:10-21:30', 0, '2026-05-29 16:57:40');
INSERT INTO `chat_message` VALUES (56, '多媒体课件设计与开发', 10, '张明远', 'teacher', '📢 课程「多媒体课件设计与开发」排课已更新：周日 19:10-21:30', 1, '2026-05-29 17:09:20');
INSERT INTO `chat_message` VALUES (57, '多媒体课件设计与开发', 11, '张明远', 'teacher', '📢 课程「多媒体课件设计与开发」排课已更新：周日 19:10-21:30', 1, '2026-05-29 17:09:20');
INSERT INTO `chat_message` VALUES (58, '多媒体课件设计与开发', 12, '张明远', 'teacher', '📢 课程「多媒体课件设计与开发」排课已更新：周日 19:10-21:30', 0, '2026-05-29 17:09:20');
INSERT INTO `chat_message` VALUES (59, '多媒体课件设计与开发', 13, '张明远', 'teacher', '📢 课程「多媒体课件设计与开发」排课已更新：周日 19:10-21:30', 0, '2026-05-29 17:09:20');
INSERT INTO `chat_message` VALUES (60, '多媒体课件设计与开发', 10, '张明远', 'teacher', '📢 课程「多媒体课件设计与开发」排课已更新：周五 08:30-09:55', 1, '2026-05-29 17:09:41');
INSERT INTO `chat_message` VALUES (61, '多媒体课件设计与开发', 11, '张明远', 'teacher', '📢 课程「多媒体课件设计与开发」排课已更新：周五 08:30-09:55', 1, '2026-05-29 17:09:41');
INSERT INTO `chat_message` VALUES (62, '多媒体课件设计与开发', 12, '张明远', 'teacher', '📢 课程「多媒体课件设计与开发」排课已更新：周五 08:30-09:55', 0, '2026-05-29 17:09:41');
INSERT INTO `chat_message` VALUES (63, '多媒体课件设计与开发', 13, '张明远', 'teacher', '📢 课程「多媒体课件设计与开发」排课已更新：周五 08:30-09:55', 0, '2026-05-29 17:09:41');
INSERT INTO `chat_message` VALUES (64, '多媒体课件设计与开发', 10, '张明远', 'teacher', '课程「多媒体课件设计与开发」排课已更新\n第18周 · 周六 1-2节', 1, '2026-05-29 17:14:28');
INSERT INTO `chat_message` VALUES (65, '多媒体课件设计与开发', 11, '张明远', 'teacher', '课程「多媒体课件设计与开发」排课已更新\n第18周 · 周六 1-2节', 1, '2026-05-29 17:14:28');
INSERT INTO `chat_message` VALUES (66, '多媒体课件设计与开发', 12, '张明远', 'teacher', '课程「多媒体课件设计与开发」排课已更新\n第18周 · 周六 1-2节', 0, '2026-05-29 17:14:28');
INSERT INTO `chat_message` VALUES (67, '多媒体课件设计与开发', 13, '张明远', 'teacher', '课程「多媒体课件设计与开发」排课已更新\n第18周 · 周六 1-2节', 0, '2026-05-29 17:14:28');
INSERT INTO `chat_message` VALUES (68, '多媒体课件设计与开发', 10, '张明远', 'teacher', '课程「多媒体课件设计与开发」排课已更新\n第17周 · 周六 1-2节', 1, '2026-05-29 17:15:15');
INSERT INTO `chat_message` VALUES (69, '多媒体课件设计与开发', 11, '张明远', 'teacher', '课程「多媒体课件设计与开发」排课已更新\n第17周 · 周六 1-2节', 1, '2026-05-29 17:15:15');
INSERT INTO `chat_message` VALUES (70, '多媒体课件设计与开发', 12, '张明远', 'teacher', '课程「多媒体课件设计与开发」排课已更新\n第17周 · 周六 1-2节', 0, '2026-05-29 17:15:15');
INSERT INTO `chat_message` VALUES (71, '多媒体课件设计与开发', 13, '张明远', 'teacher', '课程「多媒体课件设计与开发」排课已更新\n第17周 · 周六 1-2节', 0, '2026-05-29 17:15:15');
INSERT INTO `chat_message` VALUES (72, '多媒体课件设计与开发', 10, '张明远', 'teacher', '课程「多媒体课件设计与开发」排课已更新\n第17周 · 周日 2-3节', 1, '2026-05-29 17:15:30');
INSERT INTO `chat_message` VALUES (73, '多媒体课件设计与开发', 11, '张明远', 'teacher', '课程「多媒体课件设计与开发」排课已更新\n第17周 · 周日 2-3节', 1, '2026-05-29 17:15:30');
INSERT INTO `chat_message` VALUES (74, '多媒体课件设计与开发', 12, '张明远', 'teacher', '课程「多媒体课件设计与开发」排课已更新\n第17周 · 周日 2-3节', 0, '2026-05-29 17:15:30');
INSERT INTO `chat_message` VALUES (75, '多媒体课件设计与开发', 13, '张明远', 'teacher', '课程「多媒体课件设计与开发」排课已更新\n第17周 · 周日 2-3节', 0, '2026-05-29 17:15:31');
INSERT INTO `chat_message` VALUES (76, '多媒体课件设计与开发', 10, '张明远', 'teacher', '课程「多媒体课件设计与开发」排课已更新\n第17周 · 周日 3-3节', 1, '2026-05-29 17:22:20');
INSERT INTO `chat_message` VALUES (77, '多媒体课件设计与开发', 11, '张明远', 'teacher', '课程「多媒体课件设计与开发」排课已更新\n第17周 · 周日 3-3节', 1, '2026-05-29 17:22:20');
INSERT INTO `chat_message` VALUES (78, '多媒体课件设计与开发', 12, '张明远', 'teacher', '课程「多媒体课件设计与开发」排课已更新\n第17周 · 周日 3-3节', 0, '2026-05-29 17:22:20');
INSERT INTO `chat_message` VALUES (79, '多媒体课件设计与开发', 13, '张明远', 'teacher', '课程「多媒体课件设计与开发」排课已更新\n第17周 · 周日 3-3节', 0, '2026-05-29 17:22:20');
INSERT INTO `chat_message` VALUES (80, '多媒体课件设计与开发', 10, '张明远', 'teacher', '课程「多媒体课件设计与开发」排课已更新\n第17周 · 周日 2-3节', 1, '2026-05-29 17:22:35');
INSERT INTO `chat_message` VALUES (81, '多媒体课件设计与开发', 11, '张明远', 'teacher', '课程「多媒体课件设计与开发」排课已更新\n第17周 · 周日 2-3节', 1, '2026-05-29 17:22:35');
INSERT INTO `chat_message` VALUES (82, '多媒体课件设计与开发', 12, '张明远', 'teacher', '课程「多媒体课件设计与开发」排课已更新\n第17周 · 周日 2-3节', 0, '2026-05-29 17:22:35');
INSERT INTO `chat_message` VALUES (83, '多媒体课件设计与开发', 13, '张明远', 'teacher', '课程「多媒体课件设计与开发」排课已更新\n第17周 · 周日 2-3节', 0, '2026-05-29 17:22:35');
INSERT INTO `chat_message` VALUES (84, '多媒体课件设计与开发', 10, '张明远', 'teacher', '课程「多媒体课件设计与开发」排课已更新\n第15周 · 周日 4-5节', 1, '2026-05-29 17:23:03');
INSERT INTO `chat_message` VALUES (85, '多媒体课件设计与开发', 11, '张明远', 'teacher', '课程「多媒体课件设计与开发」排课已更新\n第15周 · 周日 4-5节', 1, '2026-05-29 17:23:03');
INSERT INTO `chat_message` VALUES (86, '多媒体课件设计与开发', 12, '张明远', 'teacher', '课程「多媒体课件设计与开发」排课已更新\n第15周 · 周日 4-5节', 0, '2026-05-29 17:23:03');
INSERT INTO `chat_message` VALUES (87, '多媒体课件设计与开发', 13, '张明远', 'teacher', '课程「多媒体课件设计与开发」排课已更新\n第15周 · 周日 4-5节', 0, '2026-05-29 17:23:03');
INSERT INTO `chat_message` VALUES (88, '多媒体课件设计与开发', 10, '张明远', 'teacher', '课程「多媒体课件设计与开发」排课已更新\n第15周 · 周日 5-6节', 1, '2026-05-29 17:23:23');
INSERT INTO `chat_message` VALUES (89, '多媒体课件设计与开发', 11, '张明远', 'teacher', '课程「多媒体课件设计与开发」排课已更新\n第15周 · 周日 5-6节', 1, '2026-05-29 17:23:23');
INSERT INTO `chat_message` VALUES (90, '多媒体课件设计与开发', 12, '张明远', 'teacher', '课程「多媒体课件设计与开发」排课已更新\n第15周 · 周日 5-6节', 0, '2026-05-29 17:23:23');
INSERT INTO `chat_message` VALUES (91, '多媒体课件设计与开发', 13, '张明远', 'teacher', '课程「多媒体课件设计与开发」排课已更新\n第15周 · 周日 5-6节', 0, '2026-05-29 17:23:23');
INSERT INTO `chat_message` VALUES (92, '多媒体课件设计与开发', 10, '张明远', 'teacher', '课程「多媒体课件设计与开发」排课已更新\n第15周 · 周日 4-5节', 1, '2026-05-30 01:50:10');
INSERT INTO `chat_message` VALUES (93, '多媒体课件设计与开发', 11, '张明远', 'teacher', '课程「多媒体课件设计与开发」排课已更新\n第15周 · 周日 4-5节', 1, '2026-05-30 01:50:10');
INSERT INTO `chat_message` VALUES (94, '多媒体课件设计与开发', 12, '张明远', 'teacher', '课程「多媒体课件设计与开发」排课已更新\n第15周 · 周日 4-5节', 0, '2026-05-30 01:50:10');
INSERT INTO `chat_message` VALUES (95, '多媒体课件设计与开发', 13, '张明远', 'teacher', '课程「多媒体课件设计与开发」排课已更新\n第15周 · 周日 4-5节', 0, '2026-05-30 01:50:10');
INSERT INTO `chat_message` VALUES (96, '多媒体课件设计与开发', 10, '张明远', 'teacher', '课程「多媒体课件设计与开发」排课已更新\n第15周 · 周日 5-6节', 1, '2026-05-30 01:50:23');
INSERT INTO `chat_message` VALUES (97, '多媒体课件设计与开发', 11, '张明远', 'teacher', '课程「多媒体课件设计与开发」排课已更新\n第15周 · 周日 5-6节', 1, '2026-05-30 01:50:23');
INSERT INTO `chat_message` VALUES (98, '多媒体课件设计与开发', 12, '张明远', 'teacher', '课程「多媒体课件设计与开发」排课已更新\n第15周 · 周日 5-6节', 0, '2026-05-30 01:50:23');
INSERT INTO `chat_message` VALUES (99, '多媒体课件设计与开发', 13, '张明远', 'teacher', '课程「多媒体课件设计与开发」排课已更新\n第15周 · 周日 5-6节', 0, '2026-05-30 01:50:23');
INSERT INTO `chat_message` VALUES (100, 'Python程序设计', 10, '张明', 'student', '你好', 0, '2026-05-30 17:51:04');
INSERT INTO `chat_message` VALUES (101, '多媒体课件设计与开发', 10, '张明', 'student', '你好', 0, '2026-05-30 17:52:42');
INSERT INTO `chat_message` VALUES (102, '多媒体课件设计与开发', 10, '张明', 'ai', '你好！我是《多媒体课件设计与开发》课程的智能助教，很高兴为你提供帮助。请问你有什么问题需要咨询吗？比如关于课件设计、开发工具使用、教学内容安排等方面的问题都可以告诉我。', 0, '2026-05-30 17:52:43');
INSERT INTO `chat_message` VALUES (103, '计算机综合实训', 11, '李婷', 'student', '你好', 0, '2026-05-30 22:37:13');
INSERT INTO `chat_message` VALUES (104, '计算机综合实训', 11, '李婷', 'ai', '你好！我是《计算机综合实训》课程的智能助教，很高兴为你提供帮助。请问你有什么问题需要咨询呢？', 0, '2026-05-30 22:37:14');
INSERT INTO `chat_message` VALUES (105, '多媒体课件设计与开发', 10, '张明远', 'teacher', '课程「多媒体课件设计与开发」排课已更新\n第15周 · 周日 1-2节', 1, '2026-05-30 22:41:44');
INSERT INTO `chat_message` VALUES (106, '多媒体课件设计与开发', 11, '张明远', 'teacher', '课程「多媒体课件设计与开发」排课已更新\n第15周 · 周日 1-2节', 1, '2026-05-30 22:41:44');
INSERT INTO `chat_message` VALUES (107, '多媒体课件设计与开发', 12, '张明远', 'teacher', '课程「多媒体课件设计与开发」排课已更新\n第15周 · 周日 1-2节', 0, '2026-05-30 22:41:44');
INSERT INTO `chat_message` VALUES (108, '多媒体课件设计与开发', 13, '张明远', 'teacher', '课程「多媒体课件设计与开发」排课已更新\n第15周 · 周日 1-2节', 0, '2026-05-30 22:41:44');
INSERT INTO `chat_message` VALUES (109, '多媒体课件设计与开发', 10, '张明远', 'teacher', '课程「多媒体课件设计与开发」排课已更新\n第15周 · 周日 4-5节', 1, '2026-05-30 22:41:51');
INSERT INTO `chat_message` VALUES (110, '多媒体课件设计与开发', 11, '张明远', 'teacher', '课程「多媒体课件设计与开发」排课已更新\n第15周 · 周日 4-5节', 1, '2026-05-30 22:41:51');
INSERT INTO `chat_message` VALUES (111, '多媒体课件设计与开发', 12, '张明远', 'teacher', '课程「多媒体课件设计与开发」排课已更新\n第15周 · 周日 4-5节', 0, '2026-05-30 22:41:51');
INSERT INTO `chat_message` VALUES (112, '多媒体课件设计与开发', 13, '张明远', 'teacher', '课程「多媒体课件设计与开发」排课已更新\n第15周 · 周日 4-5节', 0, '2026-05-30 22:41:51');
INSERT INTO `chat_message` VALUES (113, '多媒体课件设计与开发', 14, '张明远', 'teacher', '课程「多媒体课件设计与开发」排课已更新\n第15周 · 周日 1-2节', 1, '2026-05-30 22:45:10');
INSERT INTO `chat_message` VALUES (114, '多媒体课件设计与开发', 15, '张明远', 'teacher', '课程「多媒体课件设计与开发」排课已更新\n第15周 · 周日 1-2节', 0, '2026-05-30 22:45:10');
INSERT INTO `chat_message` VALUES (115, '多媒体课件设计与开发', 16, '张明远', 'teacher', '课程「多媒体课件设计与开发」排课已更新\n第15周 · 周日 1-2节', 0, '2026-05-30 22:45:10');
INSERT INTO `chat_message` VALUES (116, '多媒体课件设计与开发', 17, '张明远', 'teacher', '课程「多媒体课件设计与开发」排课已更新\n第15周 · 周日 1-2节', 0, '2026-05-30 22:45:10');
INSERT INTO `chat_message` VALUES (117, '多媒体课件设计与开发', 10, '张明远', 'teacher', '课程「多媒体课件设计与开发」排课已更新\n第15周 · 周日 1-2节', 1, '2026-05-30 22:45:16');
INSERT INTO `chat_message` VALUES (118, '多媒体课件设计与开发', 11, '张明远', 'teacher', '课程「多媒体课件设计与开发」排课已更新\n第15周 · 周日 1-2节', 1, '2026-05-30 22:45:16');
INSERT INTO `chat_message` VALUES (119, '多媒体课件设计与开发', 12, '张明远', 'teacher', '课程「多媒体课件设计与开发」排课已更新\n第15周 · 周日 1-2节', 0, '2026-05-30 22:45:16');
INSERT INTO `chat_message` VALUES (120, '多媒体课件设计与开发', 13, '张明远', 'teacher', '课程「多媒体课件设计与开发」排课已更新\n第15周 · 周日 1-2节', 0, '2026-05-30 22:45:16');
INSERT INTO `chat_message` VALUES (121, '多媒体课件设计与开发', 10, '张明远', 'teacher', '课程「多媒体课件设计与开发」排课已更新\n第15周 · 周日 4-5节', 1, '2026-05-30 22:58:55');
INSERT INTO `chat_message` VALUES (122, '多媒体课件设计与开发', 11, '张明远', 'teacher', '课程「多媒体课件设计与开发」排课已更新\n第15周 · 周日 4-5节', 1, '2026-05-30 22:58:55');
INSERT INTO `chat_message` VALUES (123, '多媒体课件设计与开发', 12, '张明远', 'teacher', '课程「多媒体课件设计与开发」排课已更新\n第15周 · 周日 4-5节', 0, '2026-05-30 22:58:55');
INSERT INTO `chat_message` VALUES (124, '多媒体课件设计与开发', 13, '张明远', 'teacher', '课程「多媒体课件设计与开发」排课已更新\n第15周 · 周日 4-5节', 0, '2026-05-30 22:58:55');
INSERT INTO `chat_message` VALUES (125, 'Java基础设计', 10, '张明', 'student', '你好', 0, '2026-05-30 23:51:51');
INSERT INTO `chat_message` VALUES (126, 'Java基础设计', 10, '张明', 'ai', '你好！我是《Java基础设计》课程的智能助教，很高兴为你提供帮助。请问你有什么问题呢？', 0, '2026-05-30 23:51:52');
INSERT INTO `chat_message` VALUES (127, 'Java基础设计', 10, '张明', 'student', '📎 正在分析《Java基础设计知识点.txt》...', 0, '2026-05-31 00:03:33');
INSERT INTO `chat_message` VALUES (128, 'Java基础设计', 10, '张明', 'ai', '📎 已分析《Java基础设计知识点.txt》，提取 1567 字，分 4 块存入知识库（语义向量已生成）：\n\n《Java基础设计》课程知识点\r\n====================\r\n\r\n## 一、Java语言概述\r\n\r\n### 1.1 Java的三大平台\r\n- Java SE (Standard Edition)：标准版，核心基础\r\n- Java EE (Enterprise Edition)：企业版（现更名为Jakarta EE）\r\n- Java ME (Micro Edition)：微型版，嵌入...', 0, '2026-05-31 00:03:33');
INSERT INTO `chat_message` VALUES (129, 'Java基础设计', 10, '张明', 'student', '华为杯特等奖获奖系统是什么？', 0, '2026-05-31 00:03:45');
INSERT INTO `chat_message` VALUES (130, 'Java基础设计', 10, '张明', 'ai', '2024年华为杯全国大学生计算机设计大赛特等奖作品是《基于微服务的中医体质辨识平台》。该系统采用Spring Boot + Vue3 + Redis + MySQL技术栈，实现了九种体质（平和质、气虚质、阳虚质、阴虚质、痰湿质、湿热质、血瘀质、气郁质、特禀质）的智能辩证。在并发压力测试中，QPS达到15800，P99延迟仅32ms，获得评委\"代码优雅、架构清晰、业务价值高\"的高度评价。', 0, '2026-05-31 00:03:47');

-- ----------------------------
-- Table structure for checkin_record
-- ----------------------------
DROP TABLE IF EXISTS `checkin_record`;
CREATE TABLE `checkin_record`  (
  `id` bigint NOT NULL AUTO_INCREMENT,
  `task_id` bigint NOT NULL,
  `user_id` bigint NOT NULL,
  `checkin_type` varchar(50) CHARACTER SET utf8mb4 COLLATE utf8mb4_unicode_ci NULL DEFAULT NULL COMMENT '实际签到方式',
  `location` json NULL COMMENT '签到位置',
  `checkin_time` datetime NOT NULL,
  `status` tinyint NULL DEFAULT 1 COMMENT '0缺勤 1正常 2迟到 3补签',
  PRIMARY KEY (`id`) USING BTREE,
  UNIQUE INDEX `uk_task_user`(`task_id` ASC, `user_id` ASC) USING BTREE,
  INDEX `user_id`(`user_id` ASC) USING BTREE,
  CONSTRAINT `checkin_record_ibfk_1` FOREIGN KEY (`task_id`) REFERENCES `checkin_task` (`id`) ON DELETE CASCADE ON UPDATE RESTRICT,
  CONSTRAINT `checkin_record_ibfk_2` FOREIGN KEY (`user_id`) REFERENCES `user` (`id`) ON DELETE CASCADE ON UPDATE RESTRICT
) ENGINE = InnoDB AUTO_INCREMENT = 1 CHARACTER SET = utf8mb4 COLLATE = utf8mb4_unicode_ci COMMENT = '签到记录表' ROW_FORMAT = Dynamic;

-- ----------------------------
-- Records of checkin_record
-- ----------------------------

-- ----------------------------
-- Table structure for checkin_task
-- ----------------------------
DROP TABLE IF EXISTS `checkin_task`;
CREATE TABLE `checkin_task`  (
  `id` bigint NOT NULL AUTO_INCREMENT,
  `admin_id` bigint NOT NULL,
  `course_id` bigint NULL DEFAULT NULL,
  `title` varchar(200) CHARACTER SET utf8mb4 COLLATE utf8mb4_unicode_ci NOT NULL,
  `checkin_type` varchar(50) CHARACTER SET utf8mb4 COLLATE utf8mb4_unicode_ci NOT NULL COMMENT 'gps/qrcode/face/beacon',
  `location` json NULL COMMENT '位置信息{\"lat\":xx,\"lng\":xx,\"radius\":200}',
  `start_time` datetime NOT NULL,
  `end_time` datetime NOT NULL,
  `status` tinyint NULL DEFAULT 0 COMMENT '0未开始 1进行中 2已结束',
  `created_at` datetime NULL DEFAULT CURRENT_TIMESTAMP,
  PRIMARY KEY (`id`) USING BTREE,
  INDEX `admin_id`(`admin_id` ASC) USING BTREE,
  INDEX `course_id`(`course_id` ASC) USING BTREE,
  CONSTRAINT `checkin_task_ibfk_1` FOREIGN KEY (`admin_id`) REFERENCES `user` (`id`) ON DELETE CASCADE ON UPDATE RESTRICT,
  CONSTRAINT `checkin_task_ibfk_2` FOREIGN KEY (`course_id`) REFERENCES `course` (`id`) ON DELETE SET NULL ON UPDATE RESTRICT
) ENGINE = InnoDB AUTO_INCREMENT = 1 CHARACTER SET = utf8mb4 COLLATE = utf8mb4_unicode_ci COMMENT = '签到任务表' ROW_FORMAT = Dynamic;

-- ----------------------------
-- Records of checkin_task
-- ----------------------------

-- ----------------------------
-- Table structure for class_info
-- ----------------------------
DROP TABLE IF EXISTS `class_info`;
CREATE TABLE `class_info`  (
  `id` bigint NOT NULL AUTO_INCREMENT,
  `class_name` varchar(100) CHARACTER SET utf8mb4 COLLATE utf8mb4_unicode_ci NOT NULL COMMENT '班级名称',
  `major` varchar(100) CHARACTER SET utf8mb4 COLLATE utf8mb4_unicode_ci NULL DEFAULT NULL COMMENT '专业',
  `department` varchar(100) CHARACTER SET utf8mb4 COLLATE utf8mb4_unicode_ci NULL DEFAULT NULL COMMENT '院系',
  `grade` varchar(20) CHARACTER SET utf8mb4 COLLATE utf8mb4_unicode_ci NULL DEFAULT NULL COMMENT '年级',
  `created_at` datetime NULL DEFAULT CURRENT_TIMESTAMP,
  PRIMARY KEY (`id`) USING BTREE
) ENGINE = InnoDB AUTO_INCREMENT = 9 CHARACTER SET = utf8mb4 COLLATE = utf8mb4_unicode_ci COMMENT = '班级信息表' ROW_FORMAT = Dynamic;

-- ----------------------------
-- Records of class_info
-- ----------------------------
INSERT INTO `class_info` VALUES (1, '计算机科学与技术2023级1班', '计算机科学与技术', '计算机与信息工程学院', '2023', '2026-05-24 21:00:49');
INSERT INTO `class_info` VALUES (2, '教育技术学2023级1班', '教育技术学', '教育科学学院', '2023', '2026-05-24 21:00:49');

-- ----------------------------
-- Table structure for course
-- ----------------------------
DROP TABLE IF EXISTS `course`;
CREATE TABLE `course`  (
  `id` bigint NOT NULL AUTO_INCREMENT,
  `course_name` varchar(200) CHARACTER SET utf8mb4 COLLATE utf8mb4_unicode_ci NOT NULL COMMENT '课程名称',
  `course_no` varchar(50) CHARACTER SET utf8mb4 COLLATE utf8mb4_unicode_ci NULL DEFAULT NULL COMMENT '课程编号',
  `teacher_id` bigint NULL DEFAULT NULL COMMENT '授课教师ID',
  `dept_id` bigint NULL DEFAULT NULL COMMENT '开课院系',
  `semester` varchar(30) CHARACTER SET utf8mb4 COLLATE utf8mb4_unicode_ci NOT NULL COMMENT '学期 如2025-2026-2',
  `course_type` varchar(20) CHARACTER SET utf8mb4 COLLATE utf8mb4_unicode_ci NULL DEFAULT '必修' COMMENT '必修/选修',
  `credit` decimal(3, 1) NULL DEFAULT NULL COMMENT '学分',
  `description` text CHARACTER SET utf8mb4 COLLATE utf8mb4_unicode_ci NULL COMMENT '课程描述',
  `created_at` datetime NULL DEFAULT CURRENT_TIMESTAMP,
  PRIMARY KEY (`id`) USING BTREE,
  INDEX `idx_course_semester`(`semester` ASC) USING BTREE,
  INDEX `idx_course_teacher`(`teacher_id` ASC) USING BTREE,
  INDEX `dept_id`(`dept_id` ASC) USING BTREE,
  CONSTRAINT `course_ibfk_1` FOREIGN KEY (`teacher_id`) REFERENCES `teacher` (`id`) ON DELETE SET NULL ON UPDATE RESTRICT,
  CONSTRAINT `course_ibfk_2` FOREIGN KEY (`dept_id`) REFERENCES `department` (`id`) ON DELETE SET NULL ON UPDATE RESTRICT
) ENGINE = InnoDB AUTO_INCREMENT = 43 CHARACTER SET = utf8mb4 COLLATE = utf8mb4_unicode_ci COMMENT = '课程表' ROW_FORMAT = Dynamic;

-- ----------------------------
-- Records of course
-- ----------------------------
INSERT INTO `course` VALUES (1, '数据结构与算法基础', 'CS101', 3, 1, '2025-2026-2', '必修', 4.0, '线性表、树、图、排序算法', '2026-05-24 21:00:49');
INSERT INTO `course` VALUES (2, 'Python程序设计', 'CS102', 4, 1, '2025-2026-2', '必修', 3.0, 'Python基础语法与数据分析', '2026-05-24 21:00:49');
INSERT INTO `course` VALUES (4, '高级网站技术', 'CS104', 5, 1, '2025-2026-2', '限选', 3.0, '前端框架与后端API', '2026-05-24 21:00:49');
INSERT INTO `course` VALUES (5, '多媒体课件设计与开发', 'CS105', 1, 1, '2025-2026-2', '限选', 2.0, '课件制作工具与设计', '2026-05-24 21:00:49');
INSERT INTO `course` VALUES (6, '计算机综合实训', 'CS106', 6, 1, '2025-2026-2', '必修', 4.0, '综合项目开发实践', '2026-05-24 21:00:49');
INSERT INTO `course` VALUES (7, '教师书写技能', 'EDU201', 8, 2, '2025-2026-2', '必修', 2.0, '板书与书写训练', '2026-05-24 21:00:49');
INSERT INTO `course` VALUES (8, '教师口语', 'EDU202', 8, 2, '2025-2026-2', '必修', 2.0, '普通话与教学表达', '2026-05-24 21:00:49');
INSERT INTO `course` VALUES (9, '微课制作', 'EDU203', 8, 2, '2025-2026-2', '限选', 2.0, '微课视频制作', '2026-05-24 21:00:49');
INSERT INTO `course` VALUES (10, '教师资格考试实务', 'EDU204', 8, 2, '2025-2026-2', '限选', 2.0, '教师资格考试辅导', '2026-05-24 21:00:49');
INSERT INTO `course` VALUES (11, '班主任工作技能训练', 'EDU205', 2, 1, '2025-2026-2', '限选', 1.0, '班级管理技能', '2026-05-24 21:00:49');
INSERT INTO `course` VALUES (12, '中国近现代史纲要', 'PUB101', 7, 3, '2025-2026-2', '必修', 3.0, '中国近现代史', '2026-05-24 21:00:49');
INSERT INTO `course` VALUES (13, '形势与政策', 'PUB102', 7, 3, '2025-2026-2', '必修', 1.0, '时事政策教育', '2026-05-24 21:00:49');
INSERT INTO `course` VALUES (14, '安全教育(六)', 'PUB103', 7, 3, '2025-2026-2', '必修', 1.0, '校园安全教育', '2026-05-24 21:00:49');
INSERT INTO `course` VALUES (24, 'Java基础设计', NULL, 1, NULL, '2025-2026-2', '必修', 2.0, NULL, '2026-05-28 16:44:42');
INSERT INTO `course` VALUES (34, '微信小程序设计', NULL, 1, NULL, '2025-2026-2', '必修', 4.0, NULL, '2026-06-01 16:08:07');
INSERT INTO `course` VALUES (35, '数据结构与算法基础', NULL, 1, NULL, '2025-2026-2', '必修', 4.0, NULL, '2026-06-01 16:08:07');
INSERT INTO `course` VALUES (36, '教师书写技能', NULL, 1, NULL, '2025-2026-2', '必修', 4.0, NULL, '2026-06-01 16:08:07');
INSERT INTO `course` VALUES (37, '微课制作', NULL, 1, NULL, '2025-2026-2', '必修', 4.0, NULL, '2026-06-01 16:08:07');
INSERT INTO `course` VALUES (38, 'Python程序设计', NULL, 1, NULL, '2025-2026-2', '必修', 4.0, NULL, '2026-06-01 16:08:07');
INSERT INTO `course` VALUES (39, '教师口语', NULL, 1, NULL, '2025-2026-2', '必修', 4.0, NULL, '2026-06-01 16:08:07');
INSERT INTO `course` VALUES (40, '中国近现代史纲要', NULL, 1, NULL, '2025-2026-2', '必修', 4.0, NULL, '2026-06-01 16:08:07');
INSERT INTO `course` VALUES (41, '教师资格考试实务', NULL, 1, NULL, '2025-2026-2', '必修', 4.0, NULL, '2026-06-01 16:08:07');
INSERT INTO `course` VALUES (42, '高级网站技术', NULL, 1, NULL, '2025-2026-2', '必修', 4.0, NULL, '2026-06-01 16:08:07');

-- ----------------------------
-- Table structure for course_class
-- ----------------------------
DROP TABLE IF EXISTS `course_class`;
CREATE TABLE `course_class`  (
  `id` bigint NOT NULL AUTO_INCREMENT,
  `course_id` bigint NOT NULL COMMENT '课程ID',
  `class_id` bigint NOT NULL COMMENT '班级ID',
  `semester` varchar(30) CHARACTER SET utf8mb4 COLLATE utf8mb4_unicode_ci NOT NULL COMMENT '学期',
  PRIMARY KEY (`id`) USING BTREE,
  UNIQUE INDEX `uk_course_class`(`course_id` ASC, `class_id` ASC, `semester` ASC) USING BTREE,
  INDEX `class_id`(`class_id` ASC) USING BTREE,
  CONSTRAINT `course_class_ibfk_1` FOREIGN KEY (`course_id`) REFERENCES `course` (`id`) ON DELETE CASCADE ON UPDATE RESTRICT,
  CONSTRAINT `course_class_ibfk_2` FOREIGN KEY (`class_id`) REFERENCES `class_info` (`id`) ON DELETE CASCADE ON UPDATE RESTRICT
) ENGINE = InnoDB AUTO_INCREMENT = 86 CHARACTER SET = utf8mb4 COLLATE = utf8mb4_unicode_ci COMMENT = '课程-班级关联表' ROW_FORMAT = Dynamic;

-- ----------------------------
-- Records of course_class
-- ----------------------------
INSERT INTO `course_class` VALUES (1, 1, 1, '2025-2026-2');
INSERT INTO `course_class` VALUES (8, 1, 2, '2025-2026-2');
INSERT INTO `course_class` VALUES (2, 2, 1, '2025-2026-2');
INSERT INTO `course_class` VALUES (9, 2, 2, '2025-2026-2');
INSERT INTO `course_class` VALUES (4, 4, 1, '2025-2026-2');
INSERT INTO `course_class` VALUES (11, 4, 2, '2025-2026-2');
INSERT INTO `course_class` VALUES (5, 5, 1, '2025-2026-2');
INSERT INTO `course_class` VALUES (12, 5, 2, '2025-2026-2');
INSERT INTO `course_class` VALUES (6, 6, 1, '2025-2026-2');
INSERT INTO `course_class` VALUES (13, 6, 2, '2025-2026-2');
INSERT INTO `course_class` VALUES (14, 7, 2, '2025-2026-2');
INSERT INTO `course_class` VALUES (15, 8, 2, '2025-2026-2');
INSERT INTO `course_class` VALUES (16, 9, 2, '2025-2026-2');
INSERT INTO `course_class` VALUES (17, 10, 2, '2025-2026-2');
INSERT INTO `course_class` VALUES (18, 11, 2, '2025-2026-2');
INSERT INTO `course_class` VALUES (19, 12, 2, '2025-2026-2');
INSERT INTO `course_class` VALUES (20, 13, 2, '2025-2026-2');
INSERT INTO `course_class` VALUES (21, 14, 2, '2025-2026-2');
INSERT INTO `course_class` VALUES (29, 24, 1, '2025-2026-2');
INSERT INTO `course_class` VALUES (30, 24, 2, '2025-2026-2');
INSERT INTO `course_class` VALUES (50, 34, 2, '2025-2026-2');
INSERT INTO `course_class` VALUES (51, 35, 2, '2025-2026-2');
INSERT INTO `course_class` VALUES (52, 36, 2, '2025-2026-2');
INSERT INTO `course_class` VALUES (53, 37, 2, '2025-2026-2');
INSERT INTO `course_class` VALUES (54, 38, 2, '2025-2026-2');
INSERT INTO `course_class` VALUES (55, 39, 2, '2025-2026-2');
INSERT INTO `course_class` VALUES (56, 40, 2, '2025-2026-2');
INSERT INTO `course_class` VALUES (57, 41, 2, '2025-2026-2');
INSERT INTO `course_class` VALUES (58, 42, 2, '2025-2026-2');

-- ----------------------------
-- Table structure for department
-- ----------------------------
DROP TABLE IF EXISTS `department`;
CREATE TABLE `department`  (
  `id` bigint NOT NULL AUTO_INCREMENT,
  `dept_name` varchar(100) CHARACTER SET utf8mb4 COLLATE utf8mb4_unicode_ci NOT NULL COMMENT '院系名称',
  `dept_code` varchar(20) CHARACTER SET utf8mb4 COLLATE utf8mb4_unicode_ci NULL DEFAULT NULL COMMENT '院系编码',
  `dept_type` varchar(30) CHARACTER SET utf8mb4 COLLATE utf8mb4_unicode_ci NULL DEFAULT NULL COMMENT '教学单位/行政单位',
  `created_at` datetime NULL DEFAULT CURRENT_TIMESTAMP,
  PRIMARY KEY (`id`) USING BTREE
) ENGINE = InnoDB AUTO_INCREMENT = 4 CHARACTER SET = utf8mb4 COLLATE = utf8mb4_unicode_ci COMMENT = '院系部门表' ROW_FORMAT = Dynamic;

-- ----------------------------
-- Records of department
-- ----------------------------
INSERT INTO `department` VALUES (1, '计算机与信息工程学院', 'CS', '教学单位', '2026-05-24 21:00:49');
INSERT INTO `department` VALUES (2, '教育科学学院', 'EDU', '教学单位', '2026-05-24 21:00:49');
INSERT INTO `department` VALUES (3, '学生工作处', 'STU', '行政单位', '2026-05-24 21:00:49');

-- ----------------------------
-- Table structure for document
-- ----------------------------
DROP TABLE IF EXISTS `document`;
CREATE TABLE `document`  (
  `id` bigint NOT NULL AUTO_INCREMENT,
  `user_id` bigint NOT NULL,
  `course_id` bigint NULL DEFAULT NULL COMMENT '关联课程，可为空',
  `file_name` varchar(500) CHARACTER SET utf8mb4 COLLATE utf8mb4_unicode_ci NOT NULL,
  `file_url` varchar(1000) CHARACTER SET utf8mb4 COLLATE utf8mb4_unicode_ci NOT NULL COMMENT '阿里云OSS路径',
  `file_size` bigint NULL DEFAULT NULL COMMENT '字节',
  `file_type` varchar(50) CHARACTER SET utf8mb4 COLLATE utf8mb4_unicode_ci NULL DEFAULT NULL COMMENT 'pdf/docx/ppt/jpg/png',
  `doc_category` varchar(50) CHARACTER SET utf8mb4 COLLATE utf8mb4_unicode_ci NULL DEFAULT '其他' COMMENT '课件/笔记/试卷/参考书/其他',
  `ocr_text` longtext CHARACTER SET utf8mb4 COLLATE utf8mb4_unicode_ci NULL COMMENT 'OCR提取文本',
  `summary` text CHARACTER SET utf8mb4 COLLATE utf8mb4_unicode_ci NULL COMMENT 'AI摘要',
  `status` tinyint NULL DEFAULT 0 COMMENT '0审核中 1已发布 2驳回',
  `created_at` datetime NULL DEFAULT CURRENT_TIMESTAMP,
  `updated_at` datetime NULL DEFAULT CURRENT_TIMESTAMP ON UPDATE CURRENT_TIMESTAMP,
  PRIMARY KEY (`id`) USING BTREE,
  INDEX `idx_doc_user_category`(`user_id` ASC, `doc_category` ASC) USING BTREE,
  INDEX `idx_doc_user_course`(`user_id` ASC, `course_id` ASC) USING BTREE,
  INDEX `idx_doc_status`(`status` ASC) USING BTREE,
  INDEX `course_id`(`course_id` ASC) USING BTREE,
  CONSTRAINT `document_ibfk_1` FOREIGN KEY (`user_id`) REFERENCES `user` (`id`) ON DELETE CASCADE ON UPDATE RESTRICT,
  CONSTRAINT `document_ibfk_2` FOREIGN KEY (`course_id`) REFERENCES `course` (`id`) ON DELETE SET NULL ON UPDATE RESTRICT
) ENGINE = InnoDB AUTO_INCREMENT = 1 CHARACTER SET = utf8mb4 COLLATE = utf8mb4_unicode_ci COMMENT = '文档表' ROW_FORMAT = Dynamic;

-- ----------------------------
-- Records of document
-- ----------------------------

-- ----------------------------
-- Table structure for document_chunk
-- ----------------------------
DROP TABLE IF EXISTS `document_chunk`;
CREATE TABLE `document_chunk`  (
  `id` bigint NOT NULL AUTO_INCREMENT,
  `document_id` bigint NOT NULL,
  `chunk_text` longtext CHARACTER SET utf8mb4 COLLATE utf8mb4_unicode_ci NOT NULL COMMENT '文本分块内容',
  `vector_id` varchar(200) CHARACTER SET utf8mb4 COLLATE utf8mb4_unicode_ci NULL DEFAULT NULL COMMENT '向量库(阿里云DashVector)中的ID',
  `chunk_index` int NOT NULL COMMENT '分块序号',
  `created_at` datetime NULL DEFAULT CURRENT_TIMESTAMP,
  PRIMARY KEY (`id`) USING BTREE,
  INDEX `idx_chunk_doc`(`document_id` ASC) USING BTREE,
  CONSTRAINT `document_chunk_ibfk_1` FOREIGN KEY (`document_id`) REFERENCES `document` (`id`) ON DELETE CASCADE ON UPDATE RESTRICT
) ENGINE = InnoDB AUTO_INCREMENT = 1 CHARACTER SET = utf8mb4 COLLATE = utf8mb4_unicode_ci COMMENT = '文档分块表(向量检索)' ROW_FORMAT = Dynamic;

-- ----------------------------
-- Records of document_chunk
-- ----------------------------

-- ----------------------------
-- Table structure for document_vector
-- ----------------------------
DROP TABLE IF EXISTS `document_vector`;
CREATE TABLE `document_vector`  (
  `id` bigint NOT NULL AUTO_INCREMENT,
  `course_name` varchar(200) CHARACTER SET utf8mb4 COLLATE utf8mb4_unicode_ci NOT NULL COMMENT '课程名',
  `doc_name` varchar(200) CHARACTER SET utf8mb4 COLLATE utf8mb4_unicode_ci NULL DEFAULT '' COMMENT '文档名称',
  `content_chunk` text CHARACTER SET utf8mb4 COLLATE utf8mb4_unicode_ci NULL COMMENT '文本块内容',
  `embedding` mediumtext CHARACTER SET utf8mb4 COLLATE utf8mb4_unicode_ci NULL COMMENT '向量嵌入(JSON数组，支持1024维以上)',
  `created_at` datetime NULL DEFAULT CURRENT_TIMESTAMP,
  PRIMARY KEY (`id`) USING BTREE,
  INDEX `idx_course`(`course_name` ASC) USING BTREE,
  INDEX `idx_course_content`(`course_name` ASC, `content_chunk`(100) ASC) USING BTREE
) ENGINE = InnoDB AUTO_INCREMENT = 14 CHARACTER SET = utf8mb4 COLLATE = utf8mb4_unicode_ci ROW_FORMAT = Dynamic;

-- ----------------------------
-- Records of document_vector
-- ----------------------------
INSERT INTO `document_vector` VALUES (1, 'Java基础设计', 'Java基础设计知识点.txt', '《Java基础设计》课程知识点\r\n====================\r\n\r\n## 一、Java语言概述\r\n\r\n### 1.1 Java的三大平台\r\n- Java SE (Standard Edition)：标准版，核心基础\r\n- Java EE (Enterprise Edition)：企业版（现更名为Jakarta EE）\r\n- Java ME (Micro Edition)：微型版，嵌入式设备\r\n\r\n### 1.2 JDK与JRE的区别\r\nJDK（Java Development Kit）包含JRE（Java Runtime Environment）+ 开发工具（javac、jar、javadoc等）。\r\nJRE仅包含运行环境（JVM + 核心类库），不能编译源码。\r\n\r\n### 1.3 华为杯&nbsp；特等奖获奖系统架构\r\n本课程期末考试重点：2024年华为杯全国大学生计算机设计大赛特等奖作品——《基于微服务的中医体质辨识平台》，该平台采用Spring Boot + Vue3 + Redis + MySQL技术栈，实现了九种体质（平和质、气虚质、阳虚质、阴虚质、痰湿质、湿', '[-0.060381364,0.021019328,-0.04963553,-7.288127E-4,-0.066797376,-0.05916114,-0.007975733,0.06455374,-0.015301992,0.010273492,-0.015233108,-0.010175087,-0.018126218,0.017673554,0.01295011,0.0014342542,0.005525446,0.0057074954,-0.00367297,-0.0065045767,-0.022692215,0.004351965,0.013383092,0.007769082,0.06341224,0.03347741,-0.045463152,-0.053138748,0.10179023,-0.026234798,-0.0050285,-0.020724112,0.05239087,0.00154496,-0.038948737,-0.059790935,0.015695613,0.020999646,-0.086045414,-0.011641323,-0.009810988,0.024975212,-0.00309238,0.0019976234,0.061562225,-0.05176108,-0.0076559163,-0.05121001,-0.040424813,-0.011444512,-0.05565792,0.019966394,0.06951336,-0.03810245,0.034185927,-0.016728865,-0.018716648,-0.040660985,-0.08580924,0.014081769,-0.05782283,0.06549843,0.02029113,0.017594831,0.04404612,-0.019464526,-0.0064996565,-0.026195435,-0.029698657,-0.015115022,-0.049163185,-0.05857071,0.0634516,-0.0034736998,-0.04133014,0.009796227,0.041212052,-0.029482165,-0.026313521,-0.05546111,0.05565792,0.017614512,0.051839802,-0.022731576,-0.0013813615,0.027769918,0.005776379,0.034894444,0.0033285522,-0.047864236,-0.056523886,-0.040070552,-0.017329136,-0.02881301,-0.038200855,0.054044075,-0.025919901,0.020606026,0.055343024,0.03497317,-0.02204274,-0.018903619,0.04625039,0.019808944,0.03345773,-0.027494382,0.03148963,-0.0071983323,-0.007473867,-0.027927365,0.04463655,0.023518817,0.032454,0.017752279,0.017575148,-0.026707143,-0.026077349,-0.04632912,0.025447557,0.0012478996,-0.0019410404,-0.0034417182,0.022495404,-0.017624352,0.042235464,-0.058295175,0.018441115,0.07211125,0.0107753575,-0.01739802,-0.02475872,0.02841939,-0.03589818,0.031922612,-0.009919234,-0.022396998,0.0025659127,-0.0092549985,-0.046840824,-0.028714607,0.07222934,0.011670844,0.024109248,-0.0104309395,0.004014928,-0.028832693,0.04932063,5.0401856E-4,0.010539185,-0.0052499115,-0.023144878,0.022377318,0.02473904,0.013422455,-0.026411926,-0.008359512,0.008482519,0.041684397,0.022672534,0.010450621,-0.05695687,-0.03560296,-0.043849308,-0.017338976,0.029993871,0.021727845,0.011749568,0.020173043,-0.06360905,-0.0044971127,0.0073164185,0.045345068,-4.35135E-4,-0.02432574,-0.0027159806,0.022948068,0.029088546,-0.021668801,0.0088810595,-0.038318943,-0.08415604,0.039145544,-0.02572309,-0.005958428,-8.007714E-4,-7.484937E-4,-2.8076203E-4,0.014376984,0.01779164,0.015498802,-0.031135371,9.66215E-4,0.054437697,0.04325888,0.02473904,0.023420412,0.03365454,-0.022101784,0.021944335,0.0063766497,-0.03865352,0.00522039,-0.025545962,-0.004871052,-0.057389848,-0.014347462,-0.079865575,-0.04636848,0.017053602,0.005254832,4.1975922E-4,-0.011542917,0.018185262,0.019159472,-0.052233424,0.014662359,0.009584656,-0.03282794,0.023538498,0.006632503,0.020143522,0.025191704,0.03516998,0.010991849,0.0023026792,-0.07238679,0.026057668,0.013373252,-0.008492359,0.019021705,-0.027356615,0.029265674,0.035307746,-0.04928127,0.035288066,-0.0170044,-0.030800793,0.028124176,0.050540853,0.0034638592,-0.017998291,-0.039322674,-0.040542897,-0.008974545,-0.021511354,0.060617536,0.010175087,0.0013666007,-0.011041052,-0.011936538,-0.022908706,-0.0014600855,-0.04853339,-0.04270781,0.03093856,0.030052915,0.021924654,-0.0052449913,9.256229E-5,0.010657271,0.039342355,-0.01236952,-0.008920422,0.03865352,0.010706474,-0.0173685,0.0043396647,-0.013353571,0.010214449,0.03383167,-0.036626376,0.022515085,0.039893426,-0.012851705,-0.038181175,0.027376296,-0.051839802,-0.043534413,0.04810041,0.021314543,0.0028094654,0.017712917,0.014386824,0.05660261,6.16185E-5,-0.05392599,0.017476745,-0.0021353904,-0.020409215,0.04656529,-0.024798084,2.0557438E-4,0.073607005,-0.007306578,-0.006165079,0.0052154697,-0.0173685,-0.1909846,-0.05605154,-0.030958243,0.009510852,0.01837223,-0.02609703,-0.027218848,0.02050762,-0.040464174,0.077228315,0.026195435,-0.03574073,-0.030623665,-0.025545962,0.010184927,0.054437697,-0.033201877,-0.043416325,-7.9154596E-4,-0.024089567,-0.010608069,-0.017880205,0.0456206,1.4399433E-4,0.028242262,0.015961306,0.03186357,0.021137415,0.027140124,-0.04625039,-0.06309734,-8.1553217E-4,-0.002009924,0.06896229,0.0033211717,-0.016896155,-0.025231065,-0.0032621287,0.0058797044,-0.0027922445,0.011513396,0.006898197,0.017112646,-0.004019848,0.015813699,0.0189233,0.017742438,0.010184927,-0.014859169,-0.0367051,0.029088546,-0.01526263,0.024227334,0.0047209845,-0.017909726,-0.013068196,-0.019179152,9.397686E-4,0.014632837,-0.019828627,0.029088546,-0.0067604296,0.02147199,0.0104309395,-0.04349505,-0.020045117,0.03999183,-0.033575818,0.0043765665,-0.03881097,0.01255649,0.013048515,-0.033398688,-0.012320317,-0.041093968,-0.01642381,-0.023066154,0.020546984,-0.014121131,-0.10116044,0.008580924,0.013442135,0.05140682,0.023853395,-0.02375499,0.00483169,9.182425E-4,-0.0010141875,0.01546928,0.19995914,-0.029816743,-0.016167957,0.0025560723,0.01934644,-0.004403628,0.00696216,0.05719304,0.009363244,-0.020802837,-0.001236829,0.0075083086,0.022377318,-0.0020714272,0.030407174,0.035288066,-0.025919901,0.0012109977,0.038555115,-0.021550715,0.016482852,0.0042018974,0.032060377,0.037138082,-0.0135011785,-0.014741083,-0.0027430418,0.028655563,-0.04404612,0.0036016263,-0.027888004,-0.007793683,0.010883603,-6.064214E-4,-0.050383408,-0.019011864,0.02743534,0.009122152,0.023223601,-0.016896155,-0.0068243933,-0.03595722,0.0114346715,-0.016354926,0.0019213594,-0.051052563,0.007675597,-0.029442804,0.028458752,-0.020724112,-0.03516998,0.008487439,0.005520526,-0.010726155,-0.010125884,-0.019740062,-0.026136393,0.009555134,-0.025860857,0.010972167,0.003963265,-0.011552758,-0.024247015,-0.025034256,-0.021216137,0.0152232675,0.04329824,-0.052154697,0.03690191,0.031036966,0.041802485,0.016719025,0.0335955,-0.0014551653,0.05388663,-0.038909372,0.010785198,0.012408882,-0.025034256,0.030958243,0.018441115,-0.0022104243,-0.039932787,0.038318943,0.017624352,0.024365101,0.00657346,0.03749234,-0.033969436,-0.03985406,0.013442135,-0.025860857,-0.033260923,0.048257858,-0.041723758,-0.00947641,0.041093968,-0.0114937145,-0.05581537,0.07191444,-0.007808444,0.004388867,-0.022101784,0.0022362557,-0.0019287398,-0.026116712,0.030485898,0.0030456376,0.0128418645,0.006647264,-0.043731224,-0.0020911081,0.01216287,0.006853915,-0.040542897,-0.009392766,0.012969791,0.0108048795,0.039676934,0.006863755,0.011936538,-0.019671177,-0.023243282,0.024089567,-0.017417701,-0.01295011,-0.005860023,-0.023026792,-0.03154867,0.011060732,0.03963757,-0.04601422,0.009171355,-0.018992182,-0.012034942,0.030367812,-0.024817765,0.0036065467,-0.013284687,-0.0010640051,-0.045659963,-0.07085167,0.0054418016,0.006106036,0.015439759,0.026589056,0.031804524,0.01025381,-0.04270781,-0.008320151,0.010539185,0.06880484,0.0029472325,-0.042589724,0.011739727,-0.020861879,-0.005663213,0.0027135203,-0.006288085,0.017860524,-0.023400731,-0.007591953,0.051957887,0.055421747,0.025782134,0.029856104,0.03997215,0.010352216,0.040621623,0.0456206,0.048218496,-0.045699324,-0.0313125,0.052233424,0.063884586,-5.879704E-4,-0.07407935,0.001392432,0.03164708,-0.008748213,0.03247368,-0.033260923,-0.016905995,0.015154384,-0.0036655897,-0.02666778,-0.0135897435,-0.00753291,0.032394957,-0.017466905,-0.009953675,0.12446276,0.009328803,-0.023715626,0.04290462,-7.165121E-4,-0.026077349,0.024837445,0.016561577,-0.03497317,0.009117232,0.006302846,0.02261349,-0.04928127,-0.0068686754,0.029521527,-0.0016864173,-0.036311477,-0.024089567,0.01585306,-0.014957574,-0.015410237,-0.045502514,-0.001757761,0.009392766,-0.03270985,0.0075427503,0.042747173,0.027317254,-0.04388867,0.029265674,0.01256633,0.013176442,-0.08943055,0.04314079,0.013638945,0.04003119,-0.015055979,0.03770883,0.0016286043,-0.010745836,0.013845596,-0.005899385,-0.018854415,0.053138748,0.007193412,-0.00154496,0.022456042,0.036331158,-0.014180174,-0.01506582,0.015931785,0.020192726,0.028517796,-0.026982676,0.04211738,-0.0018807673,0.053296197,0.029206632,0.012674576,0.018874096,-0.0057271766,-0.026903952,-0.028911415,-0.013520859,-0.0138160745,0.020054957,-0.019995915,-0.06723036,0.03261145,0.02375499,-0.0065833004,-0.0378466,0.01781132,0.005677974,-0.022239551,0.0033703744,-0.017929407,-0.023538498,0.020783156,0.016049871,-0.0019029084,-0.030013554,-0.022672534,-0.023499137,-0.039657254,-0.020586345,0.017152008,0.036055624,-0.038181175,-0.03987374,0.024522549,-0.004002627,0.016532056,-0.020743793,-0.019218514,-0.013697988,0.0028832692,-0.0050924635,-0.008418555,0.007749401,0.056327075,0.0010504744,0.0057124156,-0.00212555,0.02050762,0.0047431253,-0.051091924,-0.029678976,0.04018864,-0.005289274,0.040660985,0.035662007,-0.017486585,-0.005855103,0.053493008,-0.005638612,-0.03148963,-0.030623665,0.044754636,-0.009407527,-0.026372565,0.0030874598,0.033339646,0.095571026,-0.036783822,0.0030185762,-0.06026328,0.023971481,-0.010027478,0.020979965,-0.039893426,-0.0038279581,0.04199929,0.01450491,0.028911415,0.010982009,-0.007173731,-0.012477766,-0.006086355,-0.0668761,-0.009653539,0.016886314,-0.055421747,-0.022652851,9.182425E-4,0.03883065,-0.012891067,0.008320151,-0.009304201,0.015813699,-0.057350487,0.042629085,-0.017457062,0.01623684,0.0045561558,0.025526281,-0.011572439,-0.008595685,-0.0077051185,0.019543251,0.013865277,-0.04003119,-0.009879871,0.0036655897,0.04542379,-0.019061066,0.04853339,0.025683729,0.041290775,-0.002570833,0.044951446,0.02995451,-0.0022694673,0.033969436,0.020369854,0.028261943,-0.012861545,-0.011218181,-0.026530012,-0.024424143,0.03562264,0.0019041385,0.005584489,0.0019791725,0.02493585,0.01949405,0.03054494,0.04290462,0.019779423,0.004851371,-0.034874763,-0.008920422,0.010598228,0.014662359,-0.0155676855,0.009732263,-0.030564621,0.0013100178,0.060381364,0.021767206,-0.025683729,-0.07033996,-0.029462485,-0.11407118,2.4697372E-5,-0.010027478,0.039165225,-0.024227334,-0.056208987,0.015626729,-0.003267049,0.046998274,-0.005835422,-0.029993871,0.053650457,0.005461483,0.012900908,0.032946024,0.022829982,-0.0054270406,-0.01953341,-0.009210717,-0.03499285,0.00425356,0.004524174,0.03560296,0.047234446,-0.010061921,-0.018145898,-0.072032526,-0.015784176,-0.01719137,0.0062487232,0.03267049,-0.012999313,0.009422287,0.018706808,-0.04113333,0.024010843,-0.042235464,-0.005240071,0.030859837,-0.02316456,-0.030603984,0.02066507,-0.030269407,-0.02221987,-0.011198499,0.0065783802,-0.034914125,0.0032695092,-0.05817709,0.052272785,-0.014268738,0.038496073,0.007842886,0.015055979,0.03349709,-0.022652851,-0.005121985,0.032139104,-0.020704431,0.018313188,-0.055028126,0.020979965,0.0040493696,0.00734594,-0.0044552907,0.03146995,-0.03440242,0.008635047,-0.022259232,0.008182383,0.0050727823,0.042471636,-0.049950425,-0.022259232,0.044006757,0.050895113,0.021826249,0.010106203,0.014121131,-0.023322007,1.057086E-4,-5.4860837E-4,-0.011710206,0.005011279,0.011680684,-0.013215804,-0.0092796,0.0027676432,-0.016482852,-0.0046890024,-0.04270781,-0.044675913,-0.038909372,0.029856104,-0.015233108,-0.051288735,-0.013796394,-0.01004716,0.0015671011,0.005161347,0.0021280102,0.036468927,0.026903952,0.009323883,-0.026746504,-0.012822184,-0.019405484,0.018077016,0.01526263,0.041566312,-0.015744815,-0.04113333,0.0011248932,-0.020428898,-0.026510332,0.010371896,0.011326426,1.6544356E-4,-0.038732246,-0.005525446,-0.01506582,-0.01567593,-0.034500826,-0.027494382,-0.029167268,0.019070907,0.016738705,0.0017331596,0.025683729,-0.012694256,0.029029502,-0.070654854,-0.012684416,-0.013491338,0.020251768,-0.027730554,-0.016315565,0.025683729,-0.029875785,-0.00926976,-0.041723758,0.012782821,-0.0050531016,-0.0033162516,-2.7215158E-4,-0.03477636,-0.00772972,-0.036213074,-0.062546276,-0.0152527895,0.06829313,-0.021314543,-0.03881097,-0.03093856,-0.012772981,0.041054603,0.00966338,0.017673554,-0.018145898,0.058610074,-0.01158228,-0.020783156,-0.0012645054,6.0119363E-4,0.011503555,-0.03383167,-0.01895282,-0.01971054,-9.625248E-4,-0.011533077,-0.013579902,0.016335245,-0.028242262,0.019031545,-0.035012532,0.027789598,-0.009796227,0.01235968,-0.0061158766,-0.051288735,-0.009870031,0.027140124,0.051131286,-0.0057714586,0.011159138,-0.009205797,0.023794351,0.031804524,0.02009432,0.009938914,-0.006293006,0.024837445,-0.010194767,-0.01739802,-0.02958057,-0.005914146,0.033516776,0.012802502,-0.022948068,0.04983234,-0.057901558,-0.009860191,-0.044321653,0.0031440426,-0.03845671,0.02279062,-0.03558328,-0.050068513,-0.030407174,0.010726155,0.033359326,0.0027332015,-0.021275181,0.028320985,0.015174065,-0.004519254,0.03184389,-6.4947363E-4,0.03495349,-0.005067862,0.028635882,0.018500157,0.038318943,-0.002358032,-0.058413263,-0.010608069,0.013038674,-0.004718524,-0.0382599,-0.04770679,0.013245326,-0.04845467,-0.025388513,0.022987429,0.011316585,-0.021531034,-0.017181529,0.009722423,0.024502868,-0.04506953,0.008241426,0.008295549,0.046604652,-0.002201814]', '2026-05-31 00:03:33');
INSERT INTO `document_vector` VALUES (2, 'Java基础设计', 'Java基础设计知识点.txt', '热质、血瘀质、气郁质、特禀质）的智能辩证。该系统在并发压力测试中，QPS达到15800，P99延迟仅32ms，获得评委\"代码优雅、架构清晰、业务价值高\"的高度评价。\r\n\r\n## 二、面向对象编程\r\n\r\n### 2.1 封装\r\n封装是将数据和操作数据的方法绑定在一起，通过private修饰符隐藏内部实现，通过public的getter/setter暴露接口。\r\n\r\n### 2.2 继承\r\nJava只支持单继承，通过extends关键字实现。子类可以重写父类方法(@Override)。\r\n\r\n### 2.3 多态\r\n多态的表现形式：父类引用指向子类对象，方法调用时执行子类的重写方法。\r\n\r\n### 2.4 抽象类与接口的区别（考试必考）\r\n| 对比项 | 抽象类 | 接口 |\r\n|--------|--------|------|\r\n| 继承数量 | 只能继承1个 | 可以实现多个 |\r\n| 构造方法 | 可以有 | 不能有 |\r\n| 成员变量 | 无限制 | public static final |\r\n| 方法实现 | 可以有具体方法 | Java8后可default |', '[-0.0392515,0.04116188,-0.04986693,0.0366518,-0.07452467,-0.065465115,0.015036888,0.06708008,0.01325452,0.0015681889,-0.055263273,-0.0048424294,0.023673005,0.026942322,0.0014143243,0.035588287,0.0044091465,0.0036755197,-0.01369765,-0.016277652,-0.013421925,-0.007419971,-0.032555304,0.036710884,0.015145209,0.0359034,-0.04490387,-0.07531246,0.04789746,-0.002447064,0.0610929,0.014761163,0.02861637,-0.03846371,-0.030329807,-0.06373198,0.023318501,2.0033182E-4,-0.08169353,0.023574533,-0.038148597,0.01876903,-0.035706457,0.018936435,0.02343667,-0.04754296,-0.019271245,-0.07645475,-0.004505158,0.017429791,-0.0024790678,0.0017368246,0.05904465,-0.03261439,-0.010019668,-0.018483458,-0.0026513962,-0.07279154,-0.09248622,0.055854112,-0.031708434,0.06562267,-0.03417027,0.04687334,0.028892096,0.012407648,-0.011915281,0.017803991,-0.017026052,7.4101234E-4,-0.017715365,-0.0013035416,0.055617776,0.011176731,-0.01817819,-0.0038256915,0.042619288,0.009192492,-0.05349075,-0.036750272,0.036218517,0.0019313096,0.04809441,-0.021644453,-0.0055785184,0.069325276,-0.0020642485,0.050812274,0.017754754,-0.016651852,-0.013362841,-0.05112739,0.009876882,-0.029049654,-0.026056062,0.0039610923,0.0025553848,0.04439181,0.05912343,0.022392852,-0.005012296,-0.015115667,-0.0071540927,0.004581475,-7.6378434E-4,-0.019763611,0.0684981,0.018670557,-0.017282082,-0.013303757,0.068025425,0.0051353876,0.03732142,0.022668578,0.014219559,-0.043407075,-0.0109207,0.020738497,-0.013490856,-0.022156516,-0.02032491,0.041555773,0.0087247435,-0.011610014,-0.023850258,-0.08484468,-0.012387954,0.06298359,-0.022451935,0.033599123,-0.008877377,0.02684385,-0.0061545875,-0.021998957,-0.053805865,-0.00579516,-0.028537592,0.030270724,-0.01624811,-0.04179211,0.034268744,-0.026705986,0.039369665,-0.022865525,1.299195E-5,-0.032968894,0.032968894,0.02276705,-0.0077203144,-0.05112739,0.048370134,0.0010068906,0.06648924,0.008798598,0.02091575,-0.016090553,0.0054849684,0.021683842,0.024775907,0.036513936,-0.03606096,-0.04124066,-0.002939431,0.0032791642,0.0070654666,-0.01743964,0.01750857,8.5933425E-5,-0.052821133,-0.048251968,0.008340697,0.015223987,0.006686344,-0.033638515,-0.0028631142,0.031590268,0.060068775,0.0019276168,0.008380086,-0.04498265,-0.052151512,0.045061428,0.017085135,-0.073579326,0.007621841,0.004478078,0.02028552,0.01354994,0.017961549,0.04915792,-0.016740479,-0.027867973,0.051521283,0.025406137,1.6586613E-4,-0.012909863,0.03862127,-0.005681915,-0.0015632652,0.010428333,-0.0034121033,0.030152556,-0.015923148,-0.022097431,-0.07680925,0.0034662636,-0.017528266,-0.04454937,0.024834992,-0.017902464,-9.7611756E-4,0.0025307664,-0.0061693587,0.013461314,-0.06499244,-0.0014303261,0.02440171,-0.024854686,-0.0038232298,0.008463789,0.028340645,0.05053655,-4.535931E-4,0.028143698,0.031787213,-0.047149066,0.018306205,0.022077736,0.01018215,-3.084987E-4,-0.025445526,0.036238212,0.037931953,-0.045376543,0.024736518,-0.025859116,-0.0154012395,0.020206742,0.041319437,0.013481009,-0.014446048,-0.045849215,0.03113729,-0.009561767,-0.044628147,0.018828114,0.005504663,0.011560777,0.0072919554,-0.025169801,0.02318064,-0.01777445,-0.021309644,-0.02650904,0.022254989,0.024303235,0.06794665,0.027257437,-0.03383546,-0.007341192,0.051481895,-0.006031496,0.0043623718,0.01584437,0.01169864,-0.008808446,-0.006789741,-0.04372219,-0.022688271,0.020797582,-0.023318501,-0.0058591673,0.0015989619,-0.03357943,-0.007769551,0.040807378,-0.03320523,-0.011934976,0.09398302,0.030251028,0.058217473,-0.008744438,0.042146616,0.016513988,-0.021979263,-0.049512427,-0.00495075,9.84734E-5,-0.0027498696,0.012525816,0.0154012395,-0.004391914,0.099024855,-9.828876E-4,-0.029207211,-0.013382535,-0.030743396,-0.19253519,-0.009350049,0.0041186498,-0.016750326,0.0061299694,2.6326248E-4,-0.0051058456,0.020502161,-0.024815297,0.065425724,-0.0010038132,-0.06463794,-0.027966445,-0.017744906,-0.002432293,0.021821706,-0.01603147,0.014514979,0.0061398167,-0.009000469,0.0140521545,-0.040275622,0.02154598,-0.05782358,0.01988178,-0.0033382482,5.5699016E-4,-0.0076316884,-0.01310681,-0.010792685,-0.050103266,-0.011629709,0.0017072826,0.06660741,-0.0041580396,-0.037754703,0.0038059969,0.0042294324,0.0021024072,-0.027198354,0.035785235,0.01373704,-0.02773011,0.0017799067,0.008931537,0.022570103,-0.00892169,-8.548722E-4,0.029049654,-0.026193924,0.051481895,-0.039842337,0.005539129,-0.05983244,-0.04364341,0.04502204,0.030920647,0.03927119,0.05175762,-0.03547012,0.011186578,-0.002912351,0.026154535,-0.0131363515,-0.017853228,0.0062185954,0.018394832,-0.036927525,-0.0016235802,-0.023712395,0.027414994,0.023673005,-0.02806492,-0.0123978015,-0.049591206,0.0035155003,-0.026410567,0.018877352,-0.008709973,-0.06814359,-0.0055145104,-0.030270724,0.0131954355,0.047818683,-0.03265378,-0.037774395,0.013018183,0.001506643,0.041752722,0.21427812,0.0049064374,-0.034564164,0.028734539,-0.022018652,-0.03131454,0.0032988589,0.07231887,-0.0024089057,-7.2931865E-4,0.0051255403,0.009172797,-0.012703069,-0.008936461,0.031019121,-0.012781847,-0.04427364,0.0031585344,0.06518939,-0.038877297,0.0333234,-0.032850727,0.03673058,0.0047858073,5.1975495E-4,-0.031629656,-0.0037518365,0.03235836,-0.018572083,0.010723753,-0.04364341,0.032673474,0.01088131,-0.026154535,-0.024736518,-8.727205E-4,0.019241702,0.07239764,0.0203643,-0.00790249,-0.039665084,-0.017410098,-0.03791226,-0.035745844,-0.012722763,-0.0366518,0.006164435,0.0146626895,0.0021417965,-0.04817319,-0.042264782,-0.0035130386,-0.013116657,-0.018601626,-0.001715899,-0.012565206,-0.0075135203,0.01228948,-0.011531236,0.02150659,0.011806961,-0.0044682305,-0.010280623,0.028793622,-0.007429818,-0.0024802987,0.01876903,-0.046518836,0.036336686,0.016445057,0.045691658,0.035450425,5.809931E-4,-0.012013755,0.04124066,-0.011511541,0.026115146,0.00808959,-0.0112358155,0.030211639,0.022156516,5.0652254E-4,-0.03724264,0.04053165,0.017351013,0.021033918,-0.0065977178,0.039409056,-0.022254989,-0.026371177,-0.021939874,-0.01369765,-0.026351482,0.02117178,0.021250559,-0.022097431,0.01369765,-0.021033918,-0.023968427,0.010388943,-0.008321002,-0.007237795,-0.013441619,0.0085425675,-0.023476059,-0.032003853,-0.0023830563,0.02769072,-0.025504611,0.0183259,-0.055854112,0.0028040302,-0.029660188,0.032397747,-0.011649404,0.003404718,-0.011275205,-0.0049162847,0.061171677,-0.0018599164,0.02117178,-0.011797113,0.014751315,0.027158964,0.006518939,-0.025051633,-0.008552415,-0.005009834,-0.050260823,0.03194477,0.032949198,-0.0392515,0.01725254,-0.016159484,-0.030369196,9.841186E-4,0.03653363,-3.8158442E-4,-8.35793E-4,0.0131363515,-0.029148126,-0.03009347,0.0025307664,0.014613452,-0.005563747,0.0410831,-0.023633616,0.0037616838,-0.024106288,0.0063072215,-0.0085425675,0.019093992,-0.024559267,-0.049748763,0.02457896,-0.04447059,-0.007877872,0.009783332,-0.013884749,-0.0028631142,1.8439721E-6,-0.0022279606,0.05187579,0.03673058,0.02373209,0.022077736,0.012259939,-0.025465222,-0.01809941,-0.006001954,0.035411034,-0.036848746,-0.020383993,0.018670557,0.02621362,-0.022865525,-0.03883791,0.018788725,0.04801563,-0.0046922574,0.018532693,-0.037675925,-0.019674985,-0.018572083,-0.009798103,0.0019263859,-0.03765623,-0.008045277,0.042304173,-0.010078752,-0.040255927,0.14684354,5.923791E-4,-0.027710415,0.08642025,-0.018247122,-0.0045913225,0.051284947,0.046479445,-0.03787287,0.0222156,-0.012161465,0.0153421555,-0.022668578,-0.027611941,0.0366518,-0.008389934,-0.011275205,-0.030900953,9.453446E-4,0.024263846,-0.009556844,-0.027749805,-0.0040817223,0.010231386,-0.016346585,0.017646434,0.06810421,0.013520398,-0.034564164,0.01754796,0.009655317,0.015893606,-0.038739435,0.011934976,0.004849815,0.027001407,-0.025386443,-0.0144362,-0.03151149,-0.011265357,0.0058887093,-0.006297374,0.015558797,0.07747887,0.031255458,0.03791226,0.0073805815,-0.01958636,-0.03864096,0.023613922,0.038562182,0.02318064,0.016051164,-0.0076169176,0.065701455,-0.01817819,-0.005440655,-0.0053668004,0.047030896,0.040275622,-0.027552858,3.9235497E-4,0.031019121,0.02398812,0.019025061,0.051560674,-0.010418486,-0.0017183608,0.0092761945,0.021605063,-0.010526806,-0.036415465,-0.01047757,-0.048133798,-0.048291355,0.019153077,-0.0032471605,-0.007932032,-0.0047931927,-0.020078726,-0.010201844,0.0089069195,-0.027414994,0.04191028,-0.05349075,-0.0117872665,-0.035706457,0.021979263,0.008084666,-0.012456886,0.018778877,0.041516386,0.045888606,-0.010329859,-0.0047365706,0.018828114,-0.018916741,0.028675454,-0.03905455,0.032220498,0.046518836,-7.059312E-4,0.053333193,-0.020600636,0.0052830977,5.582211E-4,-0.045297764,-0.022963997,0.022924608,-0.006957146,0.031413015,-0.005233861,-0.0046134787,0.006459855,0.045061428,-0.014455895,-0.025681863,-0.012870474,0.039704476,0.006405695,-0.0407286,0.015952691,0.01958636,0.033027977,-0.029601105,0.035174698,-0.027671026,0.033027977,-0.035923097,0.039960507,-0.009842416,0.0045740893,0.03639577,-0.019803,0.028380034,0.020797582,-0.026095452,-0.0036459777,0.031413015,-0.024795603,-0.035036836,-0.010507111,-0.039743863,0.009010316,0.0063663055,0.010093523,-0.06585901,0.047858074,7.1700946E-5,-0.021880789,-0.062353358,0.04454937,-0.0056179077,0.0011582933,-0.008685354,0.009748867,0.006253061,-0.032594696,-5.6376023E-4,0.021920178,0.0125849005,-0.03535195,-0.043328296,0.042855624,0.0038429245,-0.04754296,0.026134841,0.05179701,0.016907884,-0.010782837,0.026115146,0.0028852706,-0.03113729,-0.002836034,0.008434247,0.00784833,0.0307237,0.04179211,-0.021368727,-0.027493773,0.061801907,0.0070900847,-0.004313135,-0.004711952,0.055184495,0.03054645,0.006386,0.02272766,0.025189497,-0.009423904,-0.07933017,-0.0076464596,0.014682384,-0.022117125,-0.0037986115,-0.015086125,-0.015755745,0.012023603,0.021408116,-0.019015213,-0.021368727,-0.054711822,-0.021605063,-0.12265847,0.017459335,0.0034096416,0.009852264,-0.04045287,-0.05482999,-0.008069895,0.027946752,-0.028478507,-0.035804927,-0.015312614,0.030566143,-0.04297379,-0.031452402,0.015233835,4.7298006E-4,-0.012299328,0.025268275,0.0071097794,-0.044785704,-0.009133408,-0.012368259,0.015509561,0.032535613,-0.00716394,-0.00307237,-0.060147554,-0.013077267,-0.01262429,-0.022845829,0.04064982,-0.02950263,0.009837492,0.020187046,-0.007597223,-0.0019448496,-0.018670557,0.015105819,0.028970875,0.013717345,-0.04352524,0.0070260772,-0.025544,-0.01058589,-0.020078726,0.0060216486,-0.007932032,-0.018276663,-0.04297379,0.05967488,-0.0032545459,0.050812274,-0.028596675,-0.021920178,0.023535144,-0.018000938,0.0014106315,-0.003207771,-0.026962018,0.029581409,-0.0677497,0.038306154,0.009630699,-0.023298807,-0.04191028,0.037400197,-0.02440171,-0.022668578,-0.020462772,-0.027533162,3.8496946E-4,0.031176679,-0.01799109,-7.6316885E-4,0.012998489,0.027316522,-0.0020100882,-0.008527797,0.0021811859,-0.0029443547,-0.012191007,0.007547986,-0.025760641,0.014180169,0.008020658,-0.039743863,-0.031255458,0.0410831,-0.0016777406,-0.02865576,-0.015322461,-0.019684833,-0.018700099,0.0166617,0.0017959087,-0.028084613,-0.0059330226,0.024066899,0.0034244126,-0.0023978273,0.026095452,-0.015864065,0.03938936,-0.012279633,4.6067088E-4,-0.0010050441,0.04135883,-0.01777445,0.02091575,0.021605063,-0.014367269,-0.075430624,-0.007818788,0.0074642836,-0.011669098,-0.016819257,0.042658675,-0.009689783,-0.008025582,0.03598218,-0.026036367,0.009428828,-0.03269317,-0.027552858,0.0035130386,0.039310582,-0.0014820247,-0.04423425,0.02895118,-0.0058591673,0.033362787,-0.061723128,-0.0123387175,0.032102328,0.023495754,-0.0016014237,-0.04128005,0.03871974,-0.031669047,-0.009729172,0.0053963424,-0.0046331733,0.0070211533,-0.010546501,0.04734601,-0.016110249,-0.007774475,0.013116657,-0.037813786,-0.04191028,0.03438691,-0.0046627154,-0.020758193,-4.40053E-5,-0.026371177,0.02928599,0.01750857,0.008316079,-0.018542541,0.005622831,0.024539571,-0.0014241716,-0.014071849,-0.04305257,0.017479029,-0.0355489,-0.011728182,0.0018636091,0.022392852,-0.009044782,0.006553405,0.04915792,-0.022353463,0.044588756,-0.0037542984,-0.011334289,0.014751315,-0.0381289,0.018808419,-0.019074298,0.009320508,0.03164935,0.008759209,-0.013540093,0.01155093,0.0013453928,0.031117594,0.0153421555,0.0128901685,0.015194446,0.01247658,0.0028458813,-0.029089043,0.0017540575,-0.024342624,-0.09500714,0.01569666,6.6284905E-4,0.015578492,0.003357943,-0.053215027,0.011009326,-0.058650758,-0.0050516855,-0.01858193,-0.00994089,-0.053924035,-0.07129474,-0.050339602,0.01792216,0.010546501,-0.00871982,7.816326E-5,0.029719273,-0.017321471,0.018572083,0.02335789,0.018237274,0.019665139,0.010049211,0.002759717,0.023338197,-0.048409525,-0.020078726,-0.081378415,-0.027257437,-0.012319023,-0.016563226,-0.037045695,-0.016277652,-0.055184495,-0.03438691,-0.048567083,0.048370134,0.024441099,0.016001927,0.01014276,0.0061595114,0.0026563199,-0.03493836,0.010822226,-0.0183259,0.056996405,0.013313604]', '2026-05-31 00:03:33');
INSERT INTO `document_vector` VALUES (3, 'Java基础设计', 'Java基础设计知识点.txt', '### 2.5 期末预测题（重点掌握）\r\n1. 请手写一个单例模式的懒汉式（线程安全）实现，并解释volatile关键字的作用。\r\n2. 为什么HashMap的默认容量是16，且必须是2的幂？\r\n3. 简述JVM垃圾回收中\"标记-复制\"与\"标记-整理\"算法的区别及适用场景。\r\n\r\n## 三、特色上机实验项目\r\n\r\n### 3.1 实验一：智能成绩分析系统\r\n使用BufferedReader读取CSV格式的学生成绩文件，计算平均分、标准差，用冒泡排序对总成绩降序排列，输出前10名学生名单。\r\n\r\n### 3.2 实验二：课程论坛系统\r\n基于Socket编程实现多人在线课程论坛，教师发帖、学生回帖，支持文件上传下载，要求使用线程池处理并发连接（最大并发数50）。\r\n\r\n## 四、课程评分标准\r\n\r\n| 考核项 | 占比 | 说明 |\r\n|--------|------|------|\r\n| 平时作业 | 20% | 5次编程作业，每次4分 |\r\n| 上机实验 | 20% | 4次实验报告 |\r\n| 课堂考勤 | 10% | 缺勤1次扣3分，缺3次取消考试资格 |', '[-0.07281485,0.0013925992,-0.03049805,0.014571065,-0.05957947,-0.017384091,0.028757617,0.056584302,-0.02762431,0.01594722,-0.038856175,0.036488377,0.014834154,0.024548197,0.037682395,-0.00395139,0.04290369,-0.0017733189,-0.012375287,-0.0671888,0.0011567048,-0.007032563,0.033472974,0.074555285,0.043713197,0.052091558,-0.11405906,-0.023718456,0.051201105,0.031550404,0.048327368,0.015765084,-0.033128936,-0.051929656,-0.032784898,-0.016746607,0.023050616,0.016412687,-0.07350293,0.025924355,-0.0078117102,0.030639712,-0.027057659,-0.033796776,0.024406536,-0.06613645,-0.028535003,-0.079938486,0.017009696,0.03804667,-0.017748367,-0.008211402,0.042417992,-0.034990795,0.051484432,-0.018193595,0.025823167,-0.039362114,-0.05375104,-0.030882563,-0.0043030176,0.032784898,-0.0025980007,0.011919941,0.062615104,0.020136403,-0.002964807,0.0507154,-0.012395524,-0.005889139,0.0031874205,-0.011302695,0.034666993,0.0037338354,-0.06771498,0.019842958,0.0031823611,-0.002762431,0.016868033,-0.009197985,0.054924823,0.006541801,0.01327586,-0.033068225,-0.020541154,0.030801613,0.009380124,0.06233178,0.011727684,-0.044967927,-0.018679297,-0.008165868,0.015249025,-0.06496267,-0.023718456,0.023799406,-0.055734325,0.0023083503,0.07172202,0.049339246,-0.009719103,-0.0045635765,0.0017075468,-0.01899298,-0.0060206833,-0.006425435,0.03822881,-5.0341006E-4,-0.05747476,-0.030700425,0.018598346,0.046222657,0.024507722,0.021289947,-0.05334629,-0.023131566,-0.01890191,-0.039301403,0.020784006,0.007639691,0.04687026,0.018537633,0.015977578,-0.030275436,-0.02167446,-0.045898855,-0.016847795,0.041729912,0.02074353,0.02847429,-0.016058529,0.0505535,-0.009167628,0.04735596,-0.04913687,-0.0070528006,0.02301014,0.0022147514,-0.049541622,-0.05787951,0.036508612,-0.010265518,-0.04326797,0.007113513,-0.009359886,-0.014267501,0.034019392,-0.011191388,-0.01117115,-0.04662741,0.0023007612,0.017121002,0.025114851,-0.026045779,0.013680612,-0.011808635,0.04290369,0.039888293,0.014257383,0.018517395,1.0577303E-4,-0.038451422,-0.038491897,0.0020933258,9.309292E-4,0.016604943,0.01167709,0.00957238,-0.018001337,0.03436343,-0.006769474,-0.043106068,0.018234069,-0.036852654,-0.003007812,-6.2546803E-4,0.06447697,-0.001957987,-4.1012742E-4,-0.060591348,-0.014105601,0.0058436044,0.029324269,-0.05116063,-0.02588388,0.024932712,0.050674926,-0.021249471,-0.011434238,0.033068225,-0.022220874,-0.0194888,0.04921782,0.021350658,0.014348452,0.007568859,0.005990327,-0.024447009,0.037945483,-0.026268393,0.008611095,0.010260459,-0.04553458,-0.019579869,-0.056422405,0.020389372,-0.02695647,-0.03161112,0.020784006,0.0069769095,0.018254306,-0.018507278,0.044401273,-0.0041714734,0.0040373993,-0.023172041,0.02058163,0.0028610893,-0.030842088,-0.050958253,0.008646511,0.061603226,-0.008919718,0.0063950787,0.020945907,-0.04326797,0.0054894467,0.048610695,0.036549088,-0.016321616,-0.03167183,0.013832393,0.016776962,-0.034626517,0.02823144,0.011494951,-0.04715359,0.0031722423,0.026571957,-0.00344292,-0.008631333,-0.037014555,-0.0048873783,-0.001975695,-0.03351345,0.010594379,-0.0029395102,0.03517293,0.009339648,9.5685857E-4,0.037965722,0.01747516,-0.02562079,-0.024750574,0.02940522,0.026410056,0.029850446,-0.006359663,0.015846035,-0.036994316,0.021249471,0.0051302295,0.05326534,0.04727501,0.012021129,0.0122235045,-0.009815232,-0.040495418,0.023414893,0.006076337,-0.02839334,-0.012486594,0.030255198,0.005595694,-0.046991687,-0.02343513,-0.028373102,0.011444357,0.07633619,0.025721978,0.013417522,-0.019104285,-0.006673346,-0.05294154,0.01537045,-0.025742216,0.009228341,-0.035739586,-0.01580556,0.002023759,0.011434238,3.0593545E-4,0.08532168,-0.01041224,-0.030113535,-0.008945015,0.002729545,-0.21063285,-0.016948983,-0.0102351615,-0.0023614739,-1.8877878E-4,-0.0089905495,-0.058486637,0.01091818,-0.05132253,0.09552143,-0.026005303,-0.049177345,0.0050037443,-0.03847166,0.004844373,0.004730537,-2.8727893E-4,-0.028575478,-0.009172688,-0.039928768,0.024872,-0.018790603,0.017849555,-0.009117034,-0.008348006,9.511668E-4,0.09115011,0.020197116,0.015846035,-0.04723454,-0.016038291,0.048610695,-0.008297413,0.03604315,0.004669824,-0.017849555,0.021573272,-0.03181349,0.0074626114,-0.028959993,0.052779637,0.0048291953,-0.053872466,0.051605858,0.032400385,-0.009779816,0.015835915,-0.022504201,-0.020116165,0.004662235,0.01587639,-0.012608019,0.0041841217,-0.02671362,-0.040556133,0.010083379,-0.01613948,0.0054843873,-0.04865117,-0.016169835,-0.011039606,-0.046829786,0.012355049,0.013478235,0.007199523,0.0016063588,0.026814807,-0.0722482,-0.010275637,-0.038026433,0.061360374,0.008889362,-0.04274179,0.0042954287,-6.823863E-4,0.0030103417,0.004760893,-0.020197116,0.003981746,-0.100459404,0.021128045,-0.01915488,0.0019326899,0.03778358,-0.027664786,-0.01083723,0.0194888,0.001605094,-0.016675774,0.2224516,-0.036083624,-0.034747943,0.014975817,0.033999152,0.012152674,-0.017151358,-0.0050518084,-0.0041714734,-0.025054138,0.0023146744,0.042579893,0.00991136,-0.0046242895,0.029020706,0.027846925,-0.04057637,0.03191468,0.08151702,-0.03300751,0.007639691,-0.015319856,0.020399492,0.030781375,-0.015704371,0.0149454605,0.005727238,0.01856799,-0.032622997,0.0067138206,-0.007290592,0.032683708,0.017505515,-0.024649385,-0.0039109145,-0.02748265,0.010999131,-0.0012762331,0.024163684,-0.015350212,-0.012780039,-0.017373972,-0.024750574,-0.0049860366,9.840529E-4,-0.03567887,-0.010452716,-0.001898539,-3.4119314E-4,-0.022807766,-0.045979805,0.0091018565,0.0023361768,0.011272338,0.018284664,0.023698218,0.018699534,0.009273876,0.005469209,0.006693583,0.025985066,0.016321616,-0.05719143,0.016837675,0.026025541,0.035962198,-0.046384558,0.00503916,0.024487484,0.017657299,0.055127196,0.023961307,-0.015613302,-0.015532351,0.03199563,-0.023030378,0.018719772,-0.0010004959,0.02570174,0.00797361,-0.036063388,-0.002570174,-0.038329996,-0.0017492868,0.013700849,-0.019104285,-0.038168095,0.05913424,-0.037419304,-0.012658613,-0.025904117,-0.011454476,-0.045170303,0.0253577,0.005132759,0.04142635,0.008955134,0.015522232,-0.02495295,0.040454943,0.008509907,-0.04209419,0.01537045,-0.0041487063,0.0031798314,0.010705685,0.0063950787,-0.0046647647,0.002513256,-0.013427641,-0.07775282,-0.010786636,-0.014307977,0.006445673,0.015471638,-0.021957787,0.017748367,0.036569327,0.033553924,0.0072197607,0.01276992,0.015866272,-0.03614434,0.038714513,0.006207881,-0.01696922,0.0028155548,-0.0036579445,-0.018365614,0.020520918,0.024851762,-0.0337563,0.01872989,-0.00940542,0.02922308,0.03737883,0.035436023,0.0030432278,-0.007826888,0.031631354,-0.0067391177,-0.055734325,7.449963E-4,0.0020857367,0.020510798,0.012253861,0.022828003,-0.0011415266,-0.043065593,0.021897074,-0.011363408,0.023070853,0.017748367,-0.057312857,-0.005443912,-0.06779593,-0.040616844,0.0065063853,-0.0058334856,-0.049703524,0.009587559,0.005059398,0.0024968127,0.04618218,0.03950378,0.018709652,0.05257726,-0.038856175,0.013457998,0.0020085808,0.022099448,-0.009066441,-0.022625627,0.011555664,0.023516081,-0.012962177,-0.02974926,0.008322709,-0.045656007,-0.029384982,0.03679194,-0.012193149,0.018912029,0.018284664,-0.05516767,-0.022079213,0.00941048,-0.006410257,0.005970089,1.45556505E-5,-0.02780645,0.13065389,0.04067756,-0.045817904,0.018669177,-0.0019175117,-0.03460628,0.015410925,0.021492321,-0.054155793,-0.006946553,-0.011687209,0.018163238,0.007847126,-0.029729022,-0.02855524,0.009015847,-0.039969243,-0.032906324,-0.0122235045,-0.021451846,-0.035294358,-0.011221744,0.0037996077,-0.005332605,-0.024831524,0.033149175,-0.0026359463,0.011059843,-0.056989055,0.052860588,0.028110014,0.027118372,-0.05460102,-0.03308846,0.006435554,0.029425457,-0.03244086,-0.0064962665,0.0030609355,0.002318469,-0.0052364767,0.008383422,-0.032724183,0.065448366,3.5352542E-4,0.022706578,0.059255667,0.016837675,0.010887824,0.059943743,0.034808658,-0.04065732,0.0660555,0.018304901,0.041810863,-0.0029293913,0.009946776,0.008540263,0.024386298,0.021957787,0.01091818,0.01772813,-0.011161031,0.029648071,0.03569911,0.020541154,-0.0058790203,-0.043025117,-0.0073614237,-4.1550305E-4,-0.0010340144,-0.055815276,0.048894018,-0.059296142,-0.06374841,0.0032531926,0.0047077695,-1.3091191E-4,-0.043227494,-0.019175118,-0.005158056,-0.004922794,-0.061198477,-0.01511748,-0.0096128555,-0.0027244857,8.955134E-4,0.021512559,-0.0025727036,-0.01193006,0.023232754,0.037095506,0.009987251,-0.0024436892,-0.032987274,-0.028454052,-0.07544574,0.027381461,-0.011353289,0.018082287,0.021148283,0.0025904116,0.0774695,-0.00957744,0.024730336,-0.014732966,-0.013124078,-0.010103617,0.042944167,0.0060358616,-0.01343776,-0.026652908,0.03219801,0.0020047864,0.0025208448,0.008408719,-0.07034586,0.012547307,0.0335944,0.020197116,-0.014894867,-0.007629572,0.018041812,-0.023839882,-0.02183636,0.032622997,-0.046141706,0.02116852,-0.019650701,0.026855282,-0.026652908,-0.03361464,0.0134681165,-0.009445895,0.0277255,-0.009294114,0.03679194,-0.0078521855,0.00840366,-0.016331736,-0.020429848,-0.008029264,-0.021957787,-0.009172688,-0.004748245,0.04065732,-0.010928299,0.06455792,-0.027462412,-0.0020136402,-0.0438751,0.0018972742,-0.013761561,0.017242428,0.006501326,0.0017467571,-0.009602737,0.0011446887,0.009197985,0.015603183,-4.4680806E-4,-0.048003566,-0.06107705,0.0167972,0.041446585,-0.026855282,0.050229702,0.021613747,0.0062129404,1.26564E-4,0.025094613,0.027927876,-0.02428511,-0.029324269,-0.0115961395,0.05225346,0.0034555686,-0.0045433394,-0.029040944,-0.025377939,0.024325585,-0.028454052,0.011565783,6.937699E-4,0.051727284,-0.014044888,-0.024710098,0.03663004,0.007842067,-0.013640136,-0.0253577,0.029648071,-0.021310182,-6.8175385E-4,0.010958656,-0.021269709,-0.005251655,-0.010037845,0.0364479,-0.015674014,-0.014793679,-0.058850914,-0.0045306906,-0.16084838,-0.01739421,-7.702933E-4,0.024082733,-0.020784006,0.006921256,-1.366828E-4,-0.020450085,0.0307409,-0.012962177,-0.009673568,0.005016393,0.032703947,-0.034161054,-0.0044117947,0.024447009,0.018598346,-0.003604821,-0.021917311,-0.020784006,-0.0011358348,0.003890677,0.046060756,0.024872,-0.025519602,-0.032238483,-0.029668309,-0.014591303,-0.0024221865,-0.0027118372,0.033897966,0.03705503,0.026733857,0.021573272,-0.02367798,0.0015266732,-0.023920832,-0.027057659,-8.2784396E-4,0.016857913,0.01016433,0.01033129,-0.032562282,-0.012719326,0.002117358,0.043106068,-0.012405643,-1.9636788E-4,-0.043915574,0.017626941,0.016351974,0.031246841,-0.02754336,-0.006486148,-0.032906324,-0.01386275,0.021978024,-0.01855787,0.015926983,-0.0053730803,-0.037176456,0.031853966,-0.027563598,-2.864884E-4,-0.050229702,0.0011130675,-0.052293934,-0.0074777897,-0.023799406,-0.018831078,-0.024163684,0.066662624,-0.0066075735,-0.00529213,0.029526645,0.012881227,0.023212517,-0.008277175,-0.0139437,-0.030477813,-0.0038679095,0.017019814,-0.004940502,0.008707223,0.031186128,-0.039443064,-0.019954264,0.0014242205,-0.010442597,-0.01579544,-0.062615104,-0.009208104,-0.042458467,0.020460205,-0.028879043,-0.04000972,0.006562039,0.043794148,0.0083075315,0.012000891,0.0033897965,-0.0035390486,0.05836521,0.019579869,0.005803129,-0.0125979,0.037965722,-0.028535003,0.02402202,0.016766844,0.0010004959,-0.056179553,-0.015319856,0.035516974,-0.037156217,0.009855707,0.0044143246,0.002739664,-0.049784474,3.5731995E-4,0.029911159,0.017707892,-0.023394655,-0.023556557,-0.0029976931,0.06884828,0.022119686,0.0059751486,0.0020983852,-0.036488377,-0.009673568,-0.016584706,0.023313705,-0.004578755,-0.02394107,-0.017586466,-0.038754985,0.044037,-0.035982437,-0.012233623,-0.030923039,-9.031025E-4,-0.009810172,-0.0082518775,0.037601445,-0.05763666,0.004857022,0.0028610893,-0.011272338,-0.04067756,0.079857536,0.009106915,-0.04913687,0.013194909,-0.009708984,0.058243785,0.0078015914,0.039969243,-0.010857468,0.04723454,-0.0010757544,-0.014176432,-0.0115961395,0.01251695,-0.03418129,-0.017677536,-0.013680612,0.028717142,0.004636938,-0.008676867,0.015572826,0.03689313,-0.03748002,0.047072638,-0.014834154,-0.01947868,0.013154434,-0.011282457,0.016250785,-0.022058975,-0.007280473,0.017029934,0.0039539193,0.0030229902,0.021492321,0.005494506,0.01815312,0.03586101,-0.023151804,-5.7740376E-4,0.023293467,0.024042258,0.00797867,-0.008960193,-0.017434685,-0.0057575945,0.01890191,0.0075992155,0.0056311097,0.02452796,-0.056624778,-0.026592195,-0.008540263,-0.025519602,-0.027705261,0.031955156,0.009628034,-0.029546883,-0.026349343,0.03511222,4.55662E-4,0.020642342,0.016847795,-0.010093498,-0.02041973,0.02847429,0.035355072,0.07018396,0.012243742,-0.05553195,0.014965698,0.022099448,0.011940178,-0.051889185,-0.06722928,-0.01091818,0.031044465,0.0021477144,-0.010346469,-0.03426224,-0.010978893,-0.007533443,-0.035294358,0.015835915,9.1069157E-4,-0.002302026,-0.041891813,0.019853076,-0.013417522,-0.031874206,0.02159351,-0.04090017,0.03873475,0.019296544]', '2026-05-31 00:03:33');
INSERT INTO `document_vector` VALUES (4, 'Java基础设计', 'Java基础设计知识点.txt', '| 期末考试 | 50% | 闭卷笔试，60分及格 |\r\n\r\n期末考试时间：2026年6月25日 14:00-16:00，地点：计算机学院3号教学楼405教室。', '[-0.009674279,0.026847847,-0.028028836,-0.06578116,-0.06908793,-0.0028220748,-0.01197721,0.03741771,0.021257825,0.014162042,0.034110937,0.028009154,0.026395133,0.09062132,0.019004103,-0.031060046,0.061647695,-0.003587258,0.01104226,-0.06471827,-0.014073468,0.0072286446,0.028304402,0.017783746,0.035547808,0.033717275,-0.075544015,-0.007268011,0.05200294,-0.022793112,0.025351925,-0.016100835,0.044365868,-0.059364446,-0.042712484,-0.018748222,0.030016838,-0.04188579,-0.081645794,0.029682223,0.04251565,0.021356242,0.0029943024,-0.0019953814,0.020450816,-0.0056687533,0.0013704408,-0.072315976,0.007154833,0.008178358,0.01265628,0.021572756,0.07885078,-0.051845476,0.026178619,0.009477447,0.041492127,-0.03960254,-0.06302552,-0.042988047,-0.021238143,0.011681963,0.0529871,-0.0050118277,0.036964998,-0.031493075,0.031906422,0.028304402,-0.014614755,-0.016720854,0.012951527,-0.0034519362,-0.006254328,-0.032870896,-0.093376964,0.023226142,0.02749739,-0.0122330915,0.01656339,-0.008394873,0.06271058,-0.03531161,-0.008370269,-0.030705748,-0.016405923,-0.01507731,-5.311381E-4,0.0032428026,0.0111111505,-0.019466657,-0.06345855,-0.02712341,0.0043549016,5.828064E-4,-0.03084353,-0.014142359,-0.048617434,-0.012272458,0.061254032,-0.0062789316,-0.0071351496,0.02383632,0.003978461,0.0034420947,-0.027458025,0.00279255,0.046137355,-0.037909787,0.026611648,-0.022812797,0.033677906,0.05881332,0.055506542,0.023856005,0.017675487,-0.016464973,0.0050536543,-0.034662064,0.0025834162,-0.03165054,0.034130618,0.023501707,-0.03407157,-0.0045394315,0.012951527,-0.026788797,-0.0029426343,0.0446808,0.04121656,0.057356764,-0.025155094,0.083141714,-0.043224245,-0.0147722205,-0.039228562,-0.014536022,0.012370873,-0.003705357,-0.014929686,-0.056215137,0.039326977,0.021868004,-0.03792947,0.027654856,0.04113783,-0.060112406,0.0011268615,-0.010520656,0.013640438,0.005796694,0.028324084,0.022320718,0.01141624,3.232346E-4,0.005447318,0.0118197445,-0.0072188033,0.07440239,-0.023796955,5.492835E-4,-0.025391292,-0.016041785,-0.03983874,-0.0056195455,0.042791214,-0.015549705,-0.0015672726,0.009236328,-0.037024047,-0.03952381,-0.026237668,-0.056805633,0.013148359,0.004891268,0.019338716,0.03822472,0.050861314,0.008148833,-0.009196962,-0.072591536,-0.014162042,0.004450857,-0.014969052,-0.020313034,-0.036413867,0.005821298,-0.030705748,5.492835E-4,-0.008266932,0.021749904,-0.025096044,-0.013207409,0.03507541,0.028402817,0.005890189,-3.6260093E-4,-0.029839689,-0.011800061,-0.019830795,-0.035784006,-0.02928856,0.034819532,-0.04188579,0.004423793,-0.023875687,0.0065298923,5.9480086E-4,-1.616173E-4,0.019191092,-0.066883415,-0.024348084,-0.020431133,0.050192088,0.028245352,-0.030587649,-0.0032747877,0.025647173,0.0055506546,-0.018984418,-0.026926579,-0.010510813,0.029308243,0.040862266,0.014280141,0.035449393,-0.027398976,-0.02271438,0.04845997,0.0018945052,-0.053656325,0.0154808145,0.018787587,0.007720724,-0.019082835,0.046688482,0.0018932751,-0.0526328,0.016228775,-0.009625071,-0.039563175,-0.011435923,-0.036197353,0.05491605,0.022379765,-0.014162042,-0.0018981958,0.032674067,0.06711961,-0.00515207,-0.035410024,0.0038308373,0.0030828768,-0.015461131,0.021730222,0.031906422,0.01340424,-0.011081626,-0.008109467,0.010806061,-3.3276863E-4,-0.011317824,-0.041492127,0.00471658,0.045743693,0.029957788,0.02574559,-0.03594147,0.010033497,0.009241249,-0.06767075,-0.03300868,0.00639211,-0.019072993,0.016120518,-0.024190618,0.0039489362,-0.0075534172,0.0023804335,0.053341396,0.048184406,0.03363854,-0.018836794,0.017537706,-0.044523336,0.018974578,-0.050231453,0.051806107,-0.0446808,-0.015431606,0.001787478,-0.08463764,-0.0029204907,0.066725954,0.0018846637,0.059364446,-0.04897173,0.019643806,-0.19195029,-0.030331768,-0.039996203,-0.012174042,-0.014240774,0.0029008074,-0.03698468,-0.034189668,-0.06452144,0.08266932,0.0092068035,-0.030312084,0.020805113,-0.0027654856,-0.0018293047,0.0032624856,-2.6249356E-4,-0.022104202,-0.008458843,-0.024485866,-0.019496182,-0.05338076,0.024879528,-0.07180421,-0.016651964,0.04342108,0.054522384,0.004369664,-0.019407608,0.015953211,-0.0025219063,0.0073565855,-0.0023127727,-0.024584282,0.04416904,0.012114992,-0.027536757,-0.0045911,0.008665516,0.0020285968,0.001315082,0.015618597,-0.04021272,0.021612123,0.03741771,0.010077784,0.026591964,0.026847847,-0.014299824,-0.018413607,0.022753747,-0.030193985,0.046885315,0.007612467,-0.046609752,-0.007558338,-0.031552125,0.051924206,-0.061017834,-0.005437476,-0.027261192,-0.090148926,0.0028762035,-0.033914104,-0.010825745,0.01557923,-0.017055469,-0.09251091,-0.019259984,-0.03499668,0.031670224,-0.0032870898,-0.021946736,-0.031788323,-0.0026006391,0.03147339,-0.037024047,0.028186303,-0.037004363,-0.099124454,0.029131094,-0.0091822,-0.03511478,0.023934737,-0.030253034,-0.0111702,-0.015815428,-0.014801745,4.933095E-4,0.20801176,-0.028875213,-0.041925155,-0.0526328,0.037378345,-0.0015844953,-0.04971969,-0.019565072,0.01731135,0.012370873,-0.003889887,0.015490656,-0.024033153,0.02314741,-0.0034002678,0.034543965,-0.02531256,0.013286141,0.06019114,0.03165054,-0.013640438,-0.054443654,0.0242103,-0.014349032,-0.013945527,-0.016228775,0.0103631895,0.03326456,-0.037457075,0.031630855,-0.0045837187,0.014624597,0.004630466,-0.0048272978,0.01619925,0.0021380845,0.015008419,0.012764537,0.023541074,0.009118229,0.016592914,-0.04306678,-0.013601071,0.007154833,-0.0030508917,0.0022426513,0.018285666,-0.011435923,-0.03531161,0.014457289,0.020647647,-0.050349552,-0.009492209,0.057199296,-0.017911686,-3.9304834E-4,-0.010658437,-0.030567966,-0.016711013,0.014654121,-0.021415291,0.024052836,-0.07440239,-0.011209566,0.009851428,-9.5770933E-4,-0.040783532,-0.025332242,0.041610226,-0.030646699,0.06030924,-0.0087934565,-0.017773904,0.032615017,0.044483967,-0.026828162,0.011307982,0.021749904,-0.018699013,0.020785429,-0.0054965257,-0.0021749905,-0.061647695,0.03580369,0.0020999485,-0.035902105,0.01805931,0.019958736,-0.0124200815,-0.014221092,-0.023363926,0.0023545993,-0.0077551696,9.810831E-4,-0.0010450534,-0.030705748,0.030941946,7.3565857E-4,-0.032792162,0.028284717,-0.043578543,-0.0054227137,0.009260932,-0.021671172,0.0030361293,-0.026336083,0.013148359,-0.01011715,0.01899426,-0.003314154,-0.03623672,0.044444602,-0.04908983,-0.0041802134,-0.026611648,-0.0035847977,0.016150042,0.028442184,0.017823111,0.039858423,-2.5834164E-4,0.042240087,0.023698539,0.027772956,0.009659517,-0.040193036,-5.188361E-4,-0.039878108,-0.043696642,0.04009462,-0.0011237861,-0.031689905,-0.003232961,-0.041059095,-0.0014602453,0.008296457,0.024781113,0.038952995,-0.002760565,0.05704183,0.012872795,-0.084322706,0.009315061,-0.0038923472,-0.00943316,0.008242328,0.0033781244,0.009379031,-0.03151276,0.0323985,-0.01265628,0.032870896,0.032122936,-0.04275185,-0.019063152,-0.05845902,-0.03798852,0.010599388,0.004728882,-0.02389537,0.0042294217,-0.013827428,0.031945787,0.07932318,0.01805931,0.025056677,-0.0060181296,0.01811836,0.027950104,0.01979143,0.0154808145,0.01873838,-0.024663014,0.029800322,0.025529074,-0.0445627,-0.0405867,0.0020630425,-0.03885458,-0.012813745,0.0405867,0.02426935,0.0066873576,0.029623173,-0.011947685,-0.0031370055,0.024603965,-0.03294963,0.050664485,-0.008232486,-0.068497434,0.0893616,0.046334185,-0.032693747,-0.020450816,0.007720724,-0.010953685,0.011613071,0.007410714,0.007991368,-0.030863212,0.021887686,-0.013669963,0.0047928523,-0.033481076,-0.015510339,0.0033584412,0.019663488,-0.00918712,0.03519351,-0.016405923,-0.031867053,-0.008020893,0.014762378,-0.00527509,-0.010136833,0.014821428,0.015165884,0.014349032,0.00887219,0.0036463076,0.027635174,0.028107569,-0.047318343,-0.03511478,0.018954894,0.007991368,-0.018285666,0.02724151,0.0037127382,-0.0027138174,-0.054286186,0.028658697,-0.010087625,-0.008822981,-0.012252774,0.02649355,0.048892997,-0.017104676,-0.0036955155,0.03548876,0.036827214,0.025056677,0.03147339,0.010013813,0.06869427,-0.06656849,0.021553073,-0.011061942,0.008916477,-0.016209092,-0.018462814,0.037122462,-0.0059049516,1.2355803E-4,0.0402324,-0.004443476,-0.04314551,-0.023285192,0.0140636265,-0.0016312428,0.013601071,-0.029012995,0.022202618,-0.0650332,-0.053302027,0.024781113,-0.026395133,-0.0202343,-0.03493763,-6.4339367E-4,-0.008449001,-0.011947685,0.028068203,0.003444555,0.013256616,0.043854106,0.0013101611,0.06373411,-0.03903173,0.03115846,0.014575388,0.03222135,0.016583072,-0.013640438,-0.025588123,-0.03643355,-0.016622439,-0.003611862,-0.03289058,-0.01750818,-0.0046870555,-0.010412398,0.046531018,0.011750854,5.369815E-4,-0.0080504175,-0.024348084,-0.050979413,0.051727377,-0.010786378,0.022301033,-0.045783058,0.017606597,-0.04755454,0.011022576,0.017242458,0.007056417,-0.018403765,-0.017321192,0.029505074,-0.02574559,-0.0154808145,0.042121988,0.04050797,-0.02960349,-0.01104226,-0.024603965,-0.025548756,-0.012124834,0.075307816,-0.033855055,-0.006411793,-1.9175715E-4,-0.018571073,-0.0056490703,-0.0140636265,0.021060994,0.009595546,0.040744167,0.025509391,-0.01607131,-0.017852636,-0.045271296,-0.03294963,0.03210325,0.030804163,-0.004925714,0.038264085,0.01873838,-0.0074943677,-0.03363854,0.032752797,-0.039996203,-0.015195409,0.00440657,-0.001117635,-0.028225668,-0.07971685,0.0024161094,-0.042673115,0.0060476544,-0.0030385896,-0.020726379,0.01799042,0.06763138,0.01545129,0.021021627,-0.048105672,0.022104202,-0.01650434,0.041570857,0.04783011,-0.004805154,-0.03277248,0.045153197,0.019102518,-0.007435318,0.034543965,-0.021690855,-0.018452974,0.04326361,0.012735012,0.028560283,0.017488498,0.040547334,0.007268011,-0.026040835,0.026139252,-0.047987573,-0.00465507,-0.020588597,0.0040867184,-0.021041311,0.015904002,-0.005821298,0.0037644065,-0.0045837187,-6.646915E-5,0.012183883,-0.035528123,-0.036964998,-0.022930896,0.002996763,-0.14085278,-0.011199725,-0.05125498,0.011426081,0.013709329,-0.010815903,-0.03202452,0.023639489,0.024840163,-0.010638754,-0.03318583,-0.07050512,0.013325507,-0.0145458635,-1.7284285E-4,0.050979413,0.0026769114,0.017153883,-0.00769612,0.074048094,0.013286141,0.015215091,0.010008893,0.018039627,0.03121751,-0.008365348,0.003555273,0.011278457,0.0068743476,-0.03289058,0.050940048,-0.004832219,-0.013187725,0.01657323,-0.014457289,0.0056195455,-0.0053587435,-0.013512498,0.009413477,-0.019082835,-0.010865111,0.015303666,0.0075731003,-0.0021725302,-2.5411282E-5,0.029485391,0.0059344764,-0.00949713,-0.005747486,-0.012518497,0.011908319,0.015126517,-0.06601736,-0.0013433765,0.016789746,9.74317E-4,0.01899426,-0.008419476,0.019437132,-0.017124359,-0.0077846944,0.037437394,-0.010077784,0.035095096,-0.029367292,0.045192562,-0.05889205,-6.4523896E-4,-0.04542876,-0.014536022,-0.026080202,0.033717275,0.012055943,-0.024170935,-0.0024776193,0.04113783,1.8406841E-4,-0.03147339,0.03308741,-0.013040101,-0.015431606,0.025548756,-0.022045152,0.0264345,0.025115727,-0.037772007,0.019259984,-0.041807055,-0.03084353,-0.016366558,-0.042555016,-0.021553073,0.019082835,0.04971969,0.032477234,-0.014289983,-0.001191447,-0.006559417,0.011130834,0.020726379,-0.017616438,0.0032501838,6.018745E-4,-0.030331768,0.009398715,-0.0077305655,0.07204041,-0.017242458,0.0024505549,0.014043943,0.010156517,-0.013384556,-0.014604913,0.0028835847,-0.033618856,-0.01800026,-0.030646699,-0.017350717,-0.037850738,-0.008306298,0.023442658,-0.008055338,-9.649368E-5,-0.017468816,0.015146201,-0.016061468,0.026414817,0.0052849315,-0.0035331293,0.015785905,-0.04263375,-0.02426935,0.028717747,0.031256877,-0.0224585,-0.039169513,0.0073270607,0.021080676,-0.028205985,-0.019437132,-0.044917,0.015982736,0.010835586,-0.01464428,-0.008134071,-0.015923686,0.018108519,-0.02377727,0.019387923,0.0140242595,0.058852684,0.022143569,0.0018379162,0.013364874,-0.03208357,0.001091801,0.035784006,0.021356242,-0.011022576,0.040665433,-0.05412872,0.045783058,-0.0027630252,0.008808219,-0.016307509,-0.0054768426,-0.036217038,-3.2784784E-4,-0.020145725,0.023737906,-0.021612123,0.015815428,-0.028048519,0.060112406,0.012902319,0.01613036,-0.0010708875,-0.009285537,0.023048993,0.030508917,0.010845427,0.004785471,0.017862478,-0.037831057,0.001526676,5.2960037E-4,0.022163251,0.016701171,-0.024643332,0.04708215,0.03755549,0.030567966,-0.013994735,0.01576622,0.054719217,-0.01340424,0.003811154,0.0063576642,-0.0019621663,0.011681963,0.017390082,0.004251565,0.020450816,-0.012252774,0.015441448,0.016090993,0.025666855,-0.0685368,0.0122330915,0.012272458,-0.009703804,0.018748222,0.016898002,-0.002576035,0.03568559,0.01656339,0.05149118,0.038027886,0.019880004,-0.033422027,0.05412872,0.03381569,-0.011494972,-0.008778695,-0.040133987,-0.0082718525,0.011258774,0.040665433,-0.03381569,0.010491131,-0.004888808,-0.007081021,-0.037811372,-0.014634438,0.020864163,-0.010441923,-0.006421635,0.021277508,-0.0087590115,-0.031886738,-0.021513706,-0.048066307,-0.033362977,-0.011386715]', '2026-05-31 00:03:33');
INSERT INTO `document_vector` VALUES (5, '学生测评记录', '测评#2', '学生第2次测评（Java基础设计）：逻辑思维力0、判断决策力0、专注耐力0、专业学习力0、信息检索力0、自律执行力0。该学生对Java基础概念完全不掌握，需要从零开始系统学习编程基础，建议重点理解关键字、类结构、数据类型、异常处理、集合类等核心内容，并加强练习和复习。', NULL, '2026-05-31 02:59:59');
INSERT INTO `document_vector` VALUES (6, '学生测评记录', '测评#5', '学生第5次测评（数据库）：六维分已保存。该学生在数据库基础知识方面掌握不牢固，特别是在逻辑思维、判断决策和专业学习能力上需要加强。建议多做练习题，加强对数据库核心概念（如范式、事务、索引等）的理解，并通过实际操作提升信息检索和问题解决能力。', NULL, '2026-05-31 03:09:10');
INSERT INTO `document_vector` VALUES (7, '学生测评记录', '测评#1', '学生第1次测评（中国近现代史纲要）：六维分已保存。需要加强历史事件之间的逻辑关系理解，提升专业学习能力和信息检索技巧，同时提高判断和决策能力。', NULL, '2026-05-31 14:46:36');
INSERT INTO `document_vector` VALUES (8, '学生测评记录', '测评#2', '学生第2次测评（Python程序设计）：六维分已保存。刘晓雨同学在基础概念掌握上存在明显不足，尤其对Python语法和数据类型理解不扎实。建议加强基础知识的系统学习，注重练习与实践，同时提升信息检索能力。对于跳过题目较多的情况，应增强问题解决意识和自主学习能力。', NULL, '2026-05-31 16:53:07');
INSERT INTO `document_vector` VALUES (9, '学生测评记录', '测评#5', '学生第5次测评（中国近现代史纲要）：六维分已保存。刘晓雨同学在历史知识方面基础较弱，尤其是对事件的时间、背景和影响理解不清晰。建议加强基础知识的系统学习，结合时间线梳理历史事件，并通过阅读相关书籍或观看纪录片加深理解。同时，提升信息检索能力，学会利用资料快速查找答案。', NULL, '2026-05-31 17:04:16');
INSERT INTO `document_vector` VALUES (10, '学生测评记录', '测评#11', '学生第11次测评（Java基础设计）：六维分已保存。刘晓雨同学在Java基础知识方面存在较大薄弱环节，尤其对常量定义、String比较、集合框架、访问修饰符、循环结构、异常类型、接口实现等基本概念理解不清。建议加强Java核心语法和面向对象编程的基础知识学习，多做练习题巩固知识点，并针对不会的问题进行系统性复习。', NULL, '2026-05-31 18:03:10');
INSERT INTO `document_vector` VALUES (11, '学生测评记录', '测评#12', '学生第12次测评（Java基础设计）：六维分已保存。刘晓雨同学在专注耐力方面表现较好，但整体专业学习力和逻辑思维力较弱。建议加强Java基础知识的系统学习，尤其是对常量、类继承、数组声明、线程启动、访问修饰符等核心概念的理解。同时需提升信息检索能力和问题解决能力，针对编程中的难点（如异常处理、多线程、String类特性等）进行专项练习。', NULL, '2026-05-31 19:09:55');
INSERT INTO `document_vector` VALUES (12, '学生测评记录', '测评#13', '学生第13次测评（Python程序设计）：六维分已保存。建议系统学习Python基础语法和核心概念，重点掌握数据结构、函数、异常处理、模块使用等，并通过实践加深理解。同时加强Python高级特性的学习，如装饰器、生成器、递归等。', NULL, '2026-05-31 22:23:28');
INSERT INTO `document_vector` VALUES (13, '学生测评记录', '测评#14', '学生第14次测评（学科综合）：六维分已保存。', NULL, '2026-05-31 22:32:52');

-- ----------------------------
-- Table structure for focus_session
-- ----------------------------
DROP TABLE IF EXISTS `focus_session`;
CREATE TABLE `focus_session`  (
  `id` bigint NOT NULL AUTO_INCREMENT,
  `user_id` bigint NOT NULL,
  `duration_seconds` int NULL DEFAULT 0,
  `started_at` datetime NULL DEFAULT NULL,
  `finished_at` datetime NULL DEFAULT NULL,
  `created_at` datetime NULL DEFAULT CURRENT_TIMESTAMP,
  PRIMARY KEY (`id`) USING BTREE,
  INDEX `idx_user`(`user_id` ASC) USING BTREE,
  CONSTRAINT `focus_session_ibfk_1` FOREIGN KEY (`user_id`) REFERENCES `user` (`id`) ON DELETE CASCADE ON UPDATE RESTRICT
) ENGINE = InnoDB AUTO_INCREMENT = 61 CHARACTER SET = utf8mb4 COLLATE = utf8mb4_unicode_ci ROW_FORMAT = Dynamic;

-- ----------------------------
-- Records of focus_session
-- ----------------------------
INSERT INTO `focus_session` VALUES (1, 10, 2, '2026-05-25 07:50:44', '2026-05-25 07:50:46', '2026-05-25 15:50:46');
INSERT INTO `focus_session` VALUES (2, 10, 23, '2026-05-25 08:11:33', '2026-05-25 08:11:57', '2026-05-25 16:11:57');
INSERT INTO `focus_session` VALUES (3, 10, 9, '2026-05-25 08:12:05', '2026-05-25 08:12:14', '2026-05-25 16:12:14');
INSERT INTO `focus_session` VALUES (4, 10, 11, '2026-05-25 08:12:30', '2026-05-25 08:12:41', '2026-05-25 16:12:41');
INSERT INTO `focus_session` VALUES (5, 10, 3, '2026-05-25 08:13:15', '2026-05-25 08:13:19', '2026-05-25 16:13:19');
INSERT INTO `focus_session` VALUES (6, 10, 57, '2026-05-25 08:17:31', '2026-05-25 08:17:59', '2026-05-25 16:17:59');
INSERT INTO `focus_session` VALUES (7, 10, 16, '2026-05-25 08:23:15', '2026-05-25 08:23:36', '2026-05-25 16:23:36');
INSERT INTO `focus_session` VALUES (8, 14, 6, '2026-05-25 08:23:47', '2026-05-25 08:23:52', '2026-05-25 16:23:52');
INSERT INTO `focus_session` VALUES (9, 16, 3, '2026-05-25 08:24:26', '2026-05-25 08:24:30', '2026-05-25 16:24:30');
INSERT INTO `focus_session` VALUES (10, 10, 7, '2026-05-25 08:29:30', '2026-05-25 08:29:39', '2026-05-25 16:29:39');
INSERT INTO `focus_session` VALUES (11, 12, 4, '2026-05-25 08:31:58', '2026-05-25 08:32:03', '2026-05-25 16:32:03');
INSERT INTO `focus_session` VALUES (12, 13, 119, '2026-05-25 09:02:25', '2026-05-25 09:04:26', '2026-05-25 17:04:26');
INSERT INTO `focus_session` VALUES (13, 12, 679, '2026-05-25 09:09:40', '2026-05-25 09:21:03', '2026-05-25 17:21:03');
INSERT INTO `focus_session` VALUES (14, 10, 66, '2026-05-30 17:15:23', '2026-05-30 17:16:29', '2026-05-31 01:16:29');
INSERT INTO `focus_session` VALUES (15, 10, 45, '2026-05-30 17:18:51', '2026-05-30 17:19:36', '2026-05-31 01:19:36');
INSERT INTO `focus_session` VALUES (16, 10, 63, '2026-05-30 17:19:41', '2026-05-30 17:20:43', '2026-05-31 01:20:44');
INSERT INTO `focus_session` VALUES (17, 10, 1716, '2026-05-30 17:20:59', '2026-05-30 17:49:38', '2026-05-31 01:49:39');
INSERT INTO `focus_session` VALUES (18, 10, 900, '2026-05-30 17:56:57', '2026-05-30 18:11:59', '2026-05-31 02:11:59');
INSERT INTO `focus_session` VALUES (19, 10, 3, '2026-05-30 18:34:12', '2026-05-30 18:34:14', '2026-05-31 02:34:15');
INSERT INTO `focus_session` VALUES (20, 10, 12, '2026-05-30 18:34:18', '2026-05-30 18:34:30', '2026-05-31 02:34:30');
INSERT INTO `focus_session` VALUES (21, 10, 42, '2026-05-30 18:54:33', '2026-05-30 18:55:15', '2026-05-31 02:55:16');
INSERT INTO `focus_session` VALUES (22, 10, 37, '2026-05-30 18:58:19', '2026-05-30 18:58:56', '2026-05-31 02:58:57');
INSERT INTO `focus_session` VALUES (23, 10, 22, '2026-05-30 19:04:40', '2026-05-30 19:05:02', '2026-05-31 03:05:03');
INSERT INTO `focus_session` VALUES (24, 10, 293, '2026-05-30 19:08:52', '2026-05-30 19:13:45', '2026-05-31 03:13:47');
INSERT INTO `focus_session` VALUES (25, 14, 1, '2026-05-31 06:37:48', '2026-05-31 06:37:48', '2026-05-31 14:37:48');
INSERT INTO `focus_session` VALUES (26, 14, 1, '2026-05-31 06:38:56', '2026-05-31 06:38:57', '2026-05-31 14:38:57');
INSERT INTO `focus_session` VALUES (27, 14, 1, '2026-05-31 06:43:36', '2026-05-31 06:43:37', '2026-05-31 14:43:37');
INSERT INTO `focus_session` VALUES (28, 14, 11, '2026-05-31 06:43:43', '2026-05-31 06:43:53', '2026-05-31 14:43:53');
INSERT INTO `focus_session` VALUES (29, 14, 226, '2026-05-31 08:49:39', '2026-05-31 08:53:25', '2026-05-31 16:53:25');
INSERT INTO `focus_session` VALUES (30, 14, 50, '2026-05-31 09:02:15', '2026-05-31 09:03:04', '2026-05-31 17:03:05');
INSERT INTO `focus_session` VALUES (31, 14, 104, '2026-05-31 09:03:12', '2026-05-31 09:04:56', '2026-05-31 17:04:57');
INSERT INTO `focus_session` VALUES (32, 14, 26, '2026-05-31 09:05:02', '2026-05-31 09:05:28', '2026-05-31 17:05:29');
INSERT INTO `focus_session` VALUES (33, 14, 15, '2026-05-31 09:05:41', '2026-05-31 09:05:56', '2026-05-31 17:05:57');
INSERT INTO `focus_session` VALUES (34, 14, 649, '2026-05-31 09:06:00', '2026-05-31 09:16:50', '2026-05-31 17:16:50');
INSERT INTO `focus_session` VALUES (35, 14, 65, '2026-05-31 09:44:18', '2026-05-31 09:45:23', '2026-05-31 17:45:23');
INSERT INTO `focus_session` VALUES (36, 14, 22, '2026-05-31 09:51:00', '2026-05-31 09:51:21', '2026-05-31 17:51:22');
INSERT INTO `focus_session` VALUES (37, 14, 188, '2026-05-31 09:59:06', '2026-05-31 10:02:14', '2026-05-31 18:02:15');
INSERT INTO `focus_session` VALUES (38, 14, 148, '2026-05-31 11:07:30', '2026-05-31 11:09:58', '2026-05-31 19:09:58');
INSERT INTO `focus_session` VALUES (39, 14, 754, '2026-05-31 11:10:04', '2026-05-31 11:22:39', '2026-05-31 19:22:40');
INSERT INTO `focus_session` VALUES (40, 14, 53, '2026-05-31 12:07:09', '2026-05-31 12:08:02', '2026-05-31 20:08:03');
INSERT INTO `focus_session` VALUES (41, 14, 40, '2026-05-31 12:15:19', '2026-05-31 12:15:58', '2026-05-31 20:15:59');
INSERT INTO `focus_session` VALUES (42, 14, 1, '2026-05-31 12:16:05', '2026-05-31 12:16:05', '2026-05-31 20:16:06');
INSERT INTO `focus_session` VALUES (43, 14, 106, '2026-05-31 12:16:10', '2026-05-31 12:17:56', '2026-05-31 20:17:56');
INSERT INTO `focus_session` VALUES (44, 14, 39, '2026-05-31 12:59:59', '2026-05-31 13:00:39', '2026-05-31 21:00:39');
INSERT INTO `focus_session` VALUES (45, 14, 35, '2026-05-31 13:00:45', '2026-05-31 13:01:20', '2026-05-31 21:01:20');
INSERT INTO `focus_session` VALUES (46, 14, 18, '2026-05-31 13:03:38', '2026-05-31 13:03:56', '2026-05-31 21:03:57');
INSERT INTO `focus_session` VALUES (47, 14, 31, '2026-05-31 13:06:22', '2026-05-31 13:06:54', '2026-05-31 21:06:54');
INSERT INTO `focus_session` VALUES (48, 14, 19, '2026-05-31 13:18:43', '2026-05-31 13:19:02', '2026-05-31 21:19:02');
INSERT INTO `focus_session` VALUES (49, 14, 36, '2026-05-31 13:19:19', '2026-05-31 13:19:56', '2026-05-31 21:19:56');
INSERT INTO `focus_session` VALUES (50, 14, 72, '2026-05-31 13:20:01', '2026-05-31 13:21:14', '2026-05-31 21:21:15');
INSERT INTO `focus_session` VALUES (51, 14, 18, '2026-05-31 13:21:20', '2026-05-31 13:21:38', '2026-05-31 21:21:39');
INSERT INTO `focus_session` VALUES (52, 14, 164, '2026-05-31 13:33:18', '2026-05-31 13:36:02', '2026-05-31 21:36:03');
INSERT INTO `focus_session` VALUES (53, 14, 32, '2026-05-31 13:36:25', '2026-05-31 13:36:56', '2026-05-31 21:36:57');
INSERT INTO `focus_session` VALUES (54, 14, 49, '2026-05-31 13:51:00', '2026-05-31 13:51:51', '2026-05-31 21:51:52');
INSERT INTO `focus_session` VALUES (55, 14, 19, '2026-05-31 13:52:01', '2026-05-31 13:52:19', '2026-05-31 21:52:20');
INSERT INTO `focus_session` VALUES (56, 14, 103, '2026-05-31 13:52:24', '2026-05-31 13:54:08', '2026-05-31 21:54:08');
INSERT INTO `focus_session` VALUES (57, 14, 17, '2026-05-31 13:54:48', '2026-05-31 13:55:05', '2026-05-31 21:55:05');
INSERT INTO `focus_session` VALUES (58, 14, 57, '2026-05-31 14:11:50', '2026-05-31 14:12:49', '2026-05-31 22:12:50');
INSERT INTO `focus_session` VALUES (59, 14, 43, '2026-05-31 14:22:05', '2026-05-31 14:22:49', '2026-05-31 22:22:50');
INSERT INTO `focus_session` VALUES (60, 14, 80, '2026-05-31 16:29:42', '2026-05-31 16:31:03', '2026-06-01 00:31:03');

-- ----------------------------
-- Table structure for learning_goal
-- ----------------------------
DROP TABLE IF EXISTS `learning_goal`;
CREATE TABLE `learning_goal`  (
  `id` bigint NOT NULL AUTO_INCREMENT,
  `user_id` bigint NOT NULL,
  `goal_name` varchar(200) CHARACTER SET utf8mb4 COLLATE utf8mb4_unicode_ci NOT NULL,
  `goal_type` varchar(50) CHARACTER SET utf8mb4 COLLATE utf8mb4_unicode_ci NULL DEFAULT NULL COMMENT '考试/考证/技能/其他',
  `target_date` date NULL DEFAULT NULL,
  `progress` int NULL DEFAULT 0,
  `created_at` datetime NULL DEFAULT CURRENT_TIMESTAMP,
  PRIMARY KEY (`id`) USING BTREE,
  INDEX `user_id`(`user_id` ASC) USING BTREE,
  CONSTRAINT `learning_goal_ibfk_1` FOREIGN KEY (`user_id`) REFERENCES `user` (`id`) ON DELETE CASCADE ON UPDATE RESTRICT
) ENGINE = InnoDB AUTO_INCREMENT = 1 CHARACTER SET = utf8mb4 COLLATE = utf8mb4_unicode_ci COMMENT = '学习目标表' ROW_FORMAT = Dynamic;

-- ----------------------------
-- Records of learning_goal
-- ----------------------------

-- ----------------------------
-- Table structure for learning_plan
-- ----------------------------
DROP TABLE IF EXISTS `learning_plan`;
CREATE TABLE `learning_plan`  (
  `id` bigint NOT NULL AUTO_INCREMENT,
  `user_id` bigint NOT NULL,
  `course_id` bigint NULL DEFAULT NULL COMMENT '关联课程，可为空',
  `plan_name` varchar(200) CHARACTER SET utf8mb4 COLLATE utf8mb4_unicode_ci NOT NULL,
  `plan_content` text CHARACTER SET utf8mb4 COLLATE utf8mb4_unicode_ci NULL COMMENT '计划详细内容',
  `start_date` date NULL DEFAULT NULL,
  `end_date` date NULL DEFAULT NULL,
  `progress` int NULL DEFAULT 0 COMMENT '进度百分比 0-100',
  `status` tinyint NULL DEFAULT 0 COMMENT '0待开始 1进行中 2已完成 3已放弃',
  `created_at` datetime NULL DEFAULT CURRENT_TIMESTAMP,
  `updated_at` datetime NULL DEFAULT CURRENT_TIMESTAMP ON UPDATE CURRENT_TIMESTAMP,
  PRIMARY KEY (`id`) USING BTREE,
  INDEX `idx_plan_user_status`(`user_id` ASC, `status` ASC) USING BTREE,
  INDEX `course_id`(`course_id` ASC) USING BTREE,
  CONSTRAINT `learning_plan_ibfk_1` FOREIGN KEY (`user_id`) REFERENCES `user` (`id`) ON DELETE CASCADE ON UPDATE RESTRICT,
  CONSTRAINT `learning_plan_ibfk_2` FOREIGN KEY (`course_id`) REFERENCES `course` (`id`) ON DELETE SET NULL ON UPDATE RESTRICT
) ENGINE = InnoDB AUTO_INCREMENT = 1 CHARACTER SET = utf8mb4 COLLATE = utf8mb4_unicode_ci COMMENT = '学习计划表' ROW_FORMAT = Dynamic;

-- ----------------------------
-- Records of learning_plan
-- ----------------------------

-- ----------------------------
-- Table structure for notification
-- ----------------------------
DROP TABLE IF EXISTS `notification`;
CREATE TABLE `notification`  (
  `id` bigint NOT NULL AUTO_INCREMENT,
  `admin_id` bigint NOT NULL COMMENT '发布者(user.id, role=3)',
  `title` varchar(200) CHARACTER SET utf8mb4 COLLATE utf8mb4_unicode_ci NOT NULL,
  `content` text CHARACTER SET utf8mb4 COLLATE utf8mb4_unicode_ci NOT NULL,
  `target_type` varchar(50) CHARACTER SET utf8mb4 COLLATE utf8mb4_unicode_ci NOT NULL COMMENT 'all/class/major/user',
  `target_ids` json NULL COMMENT '目标ID列表',
  `priority` varchar(20) CHARACTER SET utf8mb4 COLLATE utf8mb4_unicode_ci NULL DEFAULT '普通' COMMENT '紧急/重要/普通',
  `send_time` datetime NULL DEFAULT NULL COMMENT '定时发送时间',
  `created_at` datetime NULL DEFAULT CURRENT_TIMESTAMP,
  PRIMARY KEY (`id`) USING BTREE,
  INDEX `idx_notif_time`(`created_at` ASC) USING BTREE,
  INDEX `admin_id`(`admin_id` ASC) USING BTREE,
  CONSTRAINT `notification_ibfk_1` FOREIGN KEY (`admin_id`) REFERENCES `user` (`id`) ON DELETE CASCADE ON UPDATE RESTRICT
) ENGINE = InnoDB AUTO_INCREMENT = 1 CHARACTER SET = utf8mb4 COLLATE = utf8mb4_unicode_ci COMMENT = '通知表' ROW_FORMAT = Dynamic;

-- ----------------------------
-- Records of notification
-- ----------------------------

-- ----------------------------
-- Table structure for notification_receipt
-- ----------------------------
DROP TABLE IF EXISTS `notification_receipt`;
CREATE TABLE `notification_receipt`  (
  `id` bigint NOT NULL AUTO_INCREMENT,
  `notification_id` bigint NOT NULL,
  `user_id` bigint NOT NULL,
  `is_read` tinyint NULL DEFAULT 0 COMMENT '0未读 1已读',
  `read_time` datetime NULL DEFAULT NULL,
  PRIMARY KEY (`id`) USING BTREE,
  UNIQUE INDEX `uk_notif_user`(`notification_id` ASC, `user_id` ASC) USING BTREE,
  INDEX `idx_receipt_user_read`(`user_id` ASC, `is_read` ASC) USING BTREE,
  CONSTRAINT `notification_receipt_ibfk_1` FOREIGN KEY (`notification_id`) REFERENCES `notification` (`id`) ON DELETE CASCADE ON UPDATE RESTRICT,
  CONSTRAINT `notification_receipt_ibfk_2` FOREIGN KEY (`user_id`) REFERENCES `user` (`id`) ON DELETE CASCADE ON UPDATE RESTRICT
) ENGINE = InnoDB AUTO_INCREMENT = 1 CHARACTER SET = utf8mb4 COLLATE = utf8mb4_unicode_ci COMMENT = '通知接收状态表' ROW_FORMAT = Dynamic;

-- ----------------------------
-- Records of notification_receipt
-- ----------------------------

-- ----------------------------
-- Table structure for qa_message
-- ----------------------------
DROP TABLE IF EXISTS `qa_message`;
CREATE TABLE `qa_message`  (
  `id` bigint NOT NULL AUTO_INCREMENT,
  `user_id` bigint NOT NULL,
  `session_id` varchar(64) CHARACTER SET utf8mb4 COLLATE utf8mb4_unicode_ci NOT NULL COMMENT '会话ID，同一会话消息聚合',
  `question` text CHARACTER SET utf8mb4 COLLATE utf8mb4_unicode_ci NOT NULL,
  `answer` longtext CHARACTER SET utf8mb4 COLLATE utf8mb4_unicode_ci NOT NULL,
  `source_chunks` json NULL COMMENT '引用的文档分块ID，如[12,45,78]',
  `context_type` varchar(50) CHARACTER SET utf8mb4 COLLATE utf8mb4_unicode_ci NULL DEFAULT '综合' COMMENT 'schedule/doc/plan/focus/综合',
  `feedback` tinyint NULL DEFAULT 0 COMMENT '0无 1赞 2踩',
  `created_at` datetime NULL DEFAULT CURRENT_TIMESTAMP,
  PRIMARY KEY (`id`) USING BTREE,
  INDEX `idx_qa_user_time`(`user_id` ASC, `created_at` ASC) USING BTREE,
  INDEX `idx_qa_session`(`session_id` ASC) USING BTREE,
  CONSTRAINT `qa_message_ibfk_1` FOREIGN KEY (`user_id`) REFERENCES `user` (`id`) ON DELETE CASCADE ON UPDATE RESTRICT
) ENGINE = InnoDB AUTO_INCREMENT = 1 CHARACTER SET = utf8mb4 COLLATE = utf8mb4_unicode_ci COMMENT = 'AI问答消息表' ROW_FORMAT = Dynamic;

-- ----------------------------
-- Records of qa_message
-- ----------------------------

-- ----------------------------
-- Table structure for question_bookmark
-- ----------------------------
DROP TABLE IF EXISTS `question_bookmark`;
CREATE TABLE `question_bookmark`  (
  `id` bigint NOT NULL AUTO_INCREMENT,
  `user_id` bigint NOT NULL,
  `question_type` varchar(20) CHARACTER SET utf8mb4 COLLATE utf8mb4_unicode_ci NULL DEFAULT NULL,
  `subject` varchar(100) CHARACTER SET utf8mb4 COLLATE utf8mb4_unicode_ci NULL DEFAULT NULL,
  `question` text CHARACTER SET utf8mb4 COLLATE utf8mb4_unicode_ci NULL,
  `user_answer` text CHARACTER SET utf8mb4 COLLATE utf8mb4_unicode_ci NULL,
  `correct_answer` varchar(500) CHARACTER SET utf8mb4 COLLATE utf8mb4_unicode_ci NULL DEFAULT NULL,
  `knowledge` text CHARACTER SET utf8mb4 COLLATE utf8mb4_unicode_ci NULL,
  `error_reason` text CHARACTER SET utf8mb4 COLLATE utf8mb4_unicode_ci NULL,
  `improve` text CHARACTER SET utf8mb4 COLLATE utf8mb4_unicode_ci NULL,
  `created_at` datetime NULL DEFAULT CURRENT_TIMESTAMP,
  PRIMARY KEY (`id`) USING BTREE,
  INDEX `idx_user`(`user_id` ASC) USING BTREE
) ENGINE = InnoDB AUTO_INCREMENT = 50 CHARACTER SET = utf8mb4 COLLATE = utf8mb4_unicode_ci ROW_FORMAT = Dynamic;

-- ----------------------------
-- Records of question_bookmark
-- ----------------------------
INSERT INTO `question_bookmark` VALUES (2, 14, '错题', '中国近代史', '五四运动爆发的时间是？', '', '', '五四运动的时间背景', '对五四运动的时间记忆错误，混淆了1921年中共一大等事件', '通过制作时间轴记忆重要历史事件，结合教材和笔记强化记忆', '2026-05-31 21:21:37');
INSERT INTO `question_bookmark` VALUES (3, 14, '错题', '中国近代史', '1. 抗日战争全面爆发的标志是？', '', '', '抗日战争全面爆发的标志', '混淆了局部抗战与全面抗战的起始点，未准确记忆卢沟桥事变作为全面抗战开始的标志性事件。', '重点记忆重要历史事件的时间与意义，可通过制作时间轴进行强化记忆。', '2026-05-31 21:36:01');
INSERT INTO `question_bookmark` VALUES (4, 14, '错题', 'Python', '9. 在Python中，如何获取列表的长度？', '', '', 'Python列表的基本操作方法', '混淆了length()和count()的功能', '熟悉Python内置函数，特别是列表操作方法', '2026-05-31 21:37:27');
INSERT INTO `question_bookmark` VALUES (5, 14, '错题', '其他', 'Python是一种面向对象的编程语言。', '', '', 'Python语言特性', '对Python语言特性理解有误，可能混淆了语言类型。', '查阅资料或观看视频，深入理解Python的面向对象特性。', '2026-05-31 21:41:10');
INSERT INTO `question_bookmark` VALUES (6, 14, '错题', '其他', '中国近代史的开端是哪一事件？', '', '', '中国近代史开端标志', '未准确掌握历史分期的关键事件', '重点学习中国近代史的重要转折点，如鸦片战争等', '2026-05-31 21:51:43');
INSERT INTO `question_bookmark` VALUES (7, 14, '错题', '其他', '《南京条约》签订于哪一年？', '', '', '《南京条约》签订时间', '对重要历史条约的时间记忆模糊', '通过时间轴梳理重要历史事件和条约，加强记忆', '2026-05-31 21:51:43');
INSERT INTO `question_bookmark` VALUES (8, 14, '错题', '其他', '中国近代化的开端是哪一历史事件？', '', '', '中国近代化开端标志', '混淆近代化与近代史开端的概念', '区分近代化与近代史的起点，明确洋务运动的历史地位', '2026-05-31 21:51:43');
INSERT INTO `question_bookmark` VALUES (9, 14, '错题', '其他', 'Java中，String类的equals()方法与==运算符的区别是什么？', '', '', 'String比较方式', '不了解String对象比较的基本原理', '理解==与equals()的区别，通过代码实践加深印象', '2026-05-31 21:51:43');
INSERT INTO `question_bookmark` VALUES (10, 14, '错题', '其他', '《天朝田亩制度》是哪一时期的纲领性文件？', '', '', '太平天国时期的政策文件', '对太平天国时期的政治纲领缺乏了解', '系统学习太平天国运动的背景、纲领和影响', '2026-05-31 21:51:43');
INSERT INTO `question_bookmark` VALUES (11, 14, '错题', '其他', 'Java中，以下哪个修饰符表示类成员只能被同一包中的类访问？', '', '', 'Java访问控制修饰符', '对访问权限理解错误', '复习Java访问修饰符的作用范围，结合实例理解', '2026-05-31 21:51:43');
INSERT INTO `question_bookmark` VALUES (12, 14, '错题', '其他', '试分析中国近代化进程中洋务运动的历史地位和局限性。', '', '', '中国近代化历程中的重要事件及其影响', '未掌握相关历史背景及评价标准', '系统梳理中国近代史发展脉络，重点记忆重大事件的性质与影响', '2026-05-31 21:52:18');
INSERT INTO `question_bookmark` VALUES (13, 14, '错题', 'Python', '在Python中，使用______关键字来定义一个函数。', '', '', 'Python函数定义语法', '基础语法记忆错误', '强化函数定义语法记忆，通过编写简单函数巩固知识', '2026-05-31 21:52:18');
INSERT INTO `question_bookmark` VALUES (14, 14, '错题', 'Java', 'Java中，用于定义一个类的关键字是______。', '', '', 'Java类定义语法', '混淆了类定义关键字与其他语言元素', '强化Java语法基础，通过代码练习巩固类定义方法', '2026-05-31 21:52:18');
INSERT INTO `question_bookmark` VALUES (15, 14, '错题', '历史', '中国近代史的起止时间是______年至______年。', '', '', '中国近代史的时间范围', '未掌握基本历史时间线', '通过时间轴梳理重要历史事件，强化记忆', '2026-05-31 21:55:03');
INSERT INTO `question_bookmark` VALUES (16, 14, '错题', 'Java编程', '以下哪个关键字用于定义常量？', '', '', 'Java常量定义', '混淆const与final的区别', '明确Java中常量的定义方式，区分const与final', '2026-05-31 21:55:03');
INSERT INTO `question_bookmark` VALUES (17, 14, '错题', 'Python编程', 'Python中的列表是不可变的数据结构。', '', '', 'Python数据类型', '对可变与不可变数据类型概念不清', '区分list、tuple等数据类型的特点', '2026-05-31 21:55:03');
INSERT INTO `question_bookmark` VALUES (18, 14, '错题', 'Java', 'Java集合框架中实现List接口的类', '', '', 'Java集合框架结构', '混淆了不同集合类的功能和用途', '学习Java集合框架图谱，明确各类别适用场景', '2026-05-31 22:03:22');
INSERT INTO `question_bookmark` VALUES (19, 14, '错题', '其他', '2. 将字符串转换为整数的函数', '', '', 'Python数据类型转换', '对基本数据类型转换函数不熟悉。', '复习Python内置函数，特别是int()、str()、float()等常用转换函数。', '2026-05-31 22:12:49');
INSERT INTO `question_bookmark` VALUES (20, 14, '错题', '其他', '1. Python中实现多线程的两种方式', '', '', 'Python多线程编程', '未掌握Python多线程相关知识，缺乏实际应用经验。', '学习Python多线程的基本方法，如threading模块和multiprocessing模块，通过实践加深理解。', '2026-05-31 22:12:49');
INSERT INTO `question_bookmark` VALUES (21, 14, '错题', '其他', '3. 洋务运动的根本目的', '', '', '中国近代史', '对历史事件背景和目的理解不清。', '加强对洋务运动、戊戌变法等历史事件的学习，理解其政治、经济和社会背景。', '2026-05-31 22:12:49');
INSERT INTO `question_bookmark` VALUES (22, 14, '错题', '其他', '10. Java集合框架中实现List接口的类', '', '', 'Java集合框架', '对Java集合类的结构和用途不熟悉。', '系统学习Java集合框架，重点掌握List、Set、Map的区别及常见实现类。', '2026-05-31 22:12:49');
INSERT INTO `question_bookmark` VALUES (23, 14, '错题', '其他', '11. 遍历集合的循环结构', '', '', 'Java循环结构', '对for-each循环的使用场景不清晰。', '理解不同循环结构的应用场景，熟练掌握for-each循环用于遍历集合。', '2026-05-31 22:12:49');
INSERT INTO `question_bookmark` VALUES (24, 14, '错题', '其他', '12. main方法是否有返回值', '', '', 'Java主方法特性', '对main方法的定义和特性理解错误。', '复习Java主方法的定义，明确main方法的格式和作用。', '2026-05-31 22:12:49');
INSERT INTO `question_bookmark` VALUES (25, 14, '错题', '其他', '14. 所有类的父类', '', '', 'Java类继承', '对Java类继承体系不了解。', '学习Java类继承机制，理解Object类作为所有类的基类。', '2026-05-31 22:12:49');
INSERT INTO `question_bookmark` VALUES (26, 14, '错题', '其他', '16. 不能被继承的修饰符', '', '', 'Java访问控制与继承', '对final关键字的作用理解错误。', '理解final修饰符在类、方法、变量中的不同作用，特别注意类不能被继承的情况。', '2026-05-31 22:12:49');
INSERT INTO `question_bookmark` VALUES (27, 14, '错题', '其他', '17. 包含所有标准类库的包', '', '', 'Java包结构', '对Java标准库的包结构不了解。', '学习Java标准库的结构，了解java.lang包包含的核心类。', '2026-05-31 22:12:49');
INSERT INTO `question_bookmark` VALUES (28, 14, '错题', '其他', '18. String是否可变', '', '', 'Java字符串特性', '对String类的不可变性理解错误。', '理解String类是不可变的，任何修改操作都会生成新对象。', '2026-05-31 22:12:49');
INSERT INTO `question_bookmark` VALUES (29, 14, '错题', '其他', '15. 启动线程的方法', '', '', 'Java多线程', '对线程启动方法不熟悉。', '掌握Thread类的start()方法用于启动线程，避免混淆execute()等其他方法。', '2026-05-31 22:12:49');
INSERT INTO `question_bookmark` VALUES (30, 14, '错题', '其他', '1. 请写出Python中实现多线程的两种方式，并简要说明其特点。', '', '', 'Python多线程实现方式（threading模块、multiprocessing模块）', '未掌握Python多线程相关知识', '系统学习Python多线程编程，理解不同实现方式的适用场景', '2026-05-31 22:17:28');
INSERT INTO `question_bookmark` VALUES (31, 14, '错题', '其他', '10. 以下哪项是Java的集合框架中实现List接口的类？', '', '', 'Java集合框架结构', '对Java集合框架结构理解不清', '深入学习Java集合框架，明确各接口与实现类的关系', '2026-05-31 22:17:28');
INSERT INTO `question_bookmark` VALUES (32, 14, '错题', '其他', '2. 在Python中，将字符串转换为整数的函数是______。', '', '', 'Python类型转换函数', '对基本数据类型转换函数不熟悉', '强化Python基础语法训练，重点记忆常用类型转换函数', '2026-05-31 22:17:28');
INSERT INTO `question_bookmark` VALUES (33, 14, '错题', '其他', '14. Java中，下列哪个类是所有类的父类？', '', '', 'Java类继承体系', '对Java类继承关系不了解', '学习Java类继承机制，掌握Object类的作用', '2026-05-31 22:17:28');
INSERT INTO `question_bookmark` VALUES (34, 14, '错题', '其他', '11. Java中，以下哪个循环结构可以遍历集合？', '', '', 'Java循环结构与集合遍历', '对集合遍历方式掌握不牢', '练习使用for-each循环遍历集合，理解其适用场景', '2026-05-31 22:17:28');
INSERT INTO `question_bookmark` VALUES (35, 14, '错题', '其他', '12. Java中的main方法可以没有返回值。', '', '', 'Java主方法定义', '对main方法的语法要求理解错误', '复习Java主方法定义，明确其返回类型和参数格式', '2026-05-31 22:17:28');
INSERT INTO `question_bookmark` VALUES (36, 14, '错题', '其他', '15. 以下哪个方法用于启动一个线程？', '', '', 'Java线程启动方法', '对线程启动方法不熟悉', '学习Java多线程编程，掌握start()方法的使用', '2026-05-31 22:17:28');
INSERT INTO `question_bookmark` VALUES (37, 14, '错题', '其他', '16. Java中，以下哪个修饰符表示该类不能被继承？', '', '', 'Java访问控制与继承修饰符', '对final关键字作用理解错误', '复习Java访问修饰符和final关键字的用法', '2026-05-31 22:17:28');
INSERT INTO `question_bookmark` VALUES (38, 14, '错题', '其他', '17. Java中，以下哪个包包含所有的Java标准类库？', '', '', 'Java核心类库包结构', '对Java类库包结构不熟悉', '学习Java标准类库结构，掌握常用包的作用', '2026-05-31 22:17:28');
INSERT INTO `question_bookmark` VALUES (39, 14, '错题', '其他', '18. Java中的String类是可变的。', '', '', 'Java字符串特性', '对String不可变性理解错误', '学习String类的不可变特性，理解其设计原因', '2026-05-31 22:17:28');
INSERT INTO `question_bookmark` VALUES (40, 14, '错题', '其他', '辛亥革命推翻了封建帝制，建立了中华民国。', '', '', '辛亥革命的意义与影响', '可能对辛亥革命的历史意义理解不够深入，未能区分其成果与局限。', '重点学习辛亥革命的过程、结果及其在中国近代史中的地位，可通过阅读相关历史书籍或观看纪录片加深理解。', '2026-05-31 22:22:29');
INSERT INTO `question_bookmark` VALUES (41, 14, '错题', '其他', '洋务运动的根本目的是维护清朝统治。', '', '', '洋务运动的历史背景与目的', '可能未准确理解洋务运动的核心目标，混淆了其表面目的与实际效果。', '复习洋务运动的背景、主要人物及核心思想，结合教材或相关资料进行系统学习。', '2026-05-31 22:22:29');
INSERT INTO `question_bookmark` VALUES (42, 14, '错题', '其他', '请分析戊戌变法失败的原因及其历史意义。', '', '', '戊戌变法的背景、原因与影响', '可能对变法失败的深层原因和历史作用认识不清。', '梳理戊戌变法的背景、主要人物及失败原因，理解其在中国近代化过程中的历史地位。', '2026-05-31 22:22:29');
INSERT INTO `question_bookmark` VALUES (43, 14, '错题', '其他', '请阐述辛亥革命的历史功绩和局限性。', '', '', '辛亥革命的历史评价', '可能未能全面分析辛亥革命的积极成果与局限性。', '从政治、社会、思想等方面分析辛亥革命的贡献与不足，可参考教材或权威历史资料。', '2026-05-31 22:22:29');
INSERT INTO `question_bookmark` VALUES (44, 14, '错题', '其他', '《______》是中国近代史上第一个不平等条约。', '', '', '中国近代不平等条约的开端', '可能对《南京条约》的历史地位记忆不准确。', '强化对中国近代不平等条约的系统学习，特别是《南京条约》的签订时间、内容和影响。', '2026-05-31 22:22:29');
INSERT INTO `question_bookmark` VALUES (45, 14, '错题', '其他', '______是近代中国第一个系统介绍西方政治制度和科学知识的启蒙思想家。', '', '', '近代思想家及其贡献', '可能对严复的贡献和地位了解不足。', '学习严复的生平、著作及思想，特别是《天演论》的翻译及其对中国近代思想界的影响。', '2026-05-31 22:22:29');
INSERT INTO `question_bookmark` VALUES (46, 14, '错题', '其他', '请说明Java中接口和抽象类的区别，并举例说明其应用场景。', '', '', 'Java中接口与抽象类的概念与区别', '可能对面向对象编程的基础概念理解不清晰，未能区分接口与抽象类的功能。', '通过实例学习接口和抽象类的定义、使用场景和区别，建议多做相关练习题或编写代码加深理解。', '2026-05-31 22:22:29');
INSERT INTO `question_bookmark` VALUES (47, 14, '错题', '其他', '请说明Java中的异常处理机制及其主要组成部分。', '', '', 'Java异常处理机制', '可能对try-catch-finally结构和异常分类掌握不牢。', '复习Java异常处理的基本语法和原理，理解Checked Exception与Unchecked Exception的区别，结合代码示例进行练习。', '2026-05-31 22:22:29');
INSERT INTO `question_bookmark` VALUES (48, 14, '错题', '其他', '请描述Java中的多线程编程，并说明如何创建线程。', '', '', 'Java多线程编程基础', '可能对线程的创建方式和运行机制不熟悉。', '学习Java中实现多线程的两种方式（继承Thread类和实现Runnable接口），并通过编写简单程序来实践。', '2026-05-31 22:22:29');
INSERT INTO `question_bookmark` VALUES (49, 14, '错题', '其他', '请简述《南京条约》的主要内容及其对中国的影响。', '', '', '《南京条约》的内容及历史影响', '学生对《南京条约》的基本内容和历史意义不熟悉，可能因课堂听讲不认真或课后复习不到位导致知识缺失。', '建议学生加强对历史教材中重点事件的学习，尤其是中国近代史的重要条约和其影响。可以通过阅读课本、观看相关纪录片或做练习题来巩固知识。', '2026-05-31 22:22:39');

-- ----------------------------
-- Table structure for quiz_answer
-- ----------------------------
DROP TABLE IF EXISTS `quiz_answer`;
CREATE TABLE `quiz_answer`  (
  `id` bigint NOT NULL AUTO_INCREMENT,
  `session_id` bigint NOT NULL,
  `question_index` int NULL DEFAULT NULL COMMENT '题号 1-N',
  `question_type` varchar(20) CHARACTER SET utf8mb4 COLLATE utf8mb4_unicode_ci NULL DEFAULT NULL COMMENT '单选/判断/解析/填空',
  `subject` varchar(100) CHARACTER SET utf8mb4 COLLATE utf8mb4_unicode_ci NULL DEFAULT NULL,
  `question` text CHARACTER SET utf8mb4 COLLATE utf8mb4_unicode_ci NULL COMMENT '题目',
  `options` json NULL COMMENT '选项列表',
  `user_answer` text CHARACTER SET utf8mb4 COLLATE utf8mb4_unicode_ci NULL COMMENT '学生答案',
  `correct_answer` varchar(500) CHARACTER SET utf8mb4 COLLATE utf8mb4_unicode_ci NULL DEFAULT NULL COMMENT '正确答案',
  `is_correct` tinyint NULL DEFAULT NULL COMMENT '1对 0错 -1不会 -2跳过',
  `duration_sec` int NULL DEFAULT 0 COMMENT '本题耗时秒',
  `modified_count` int NULL DEFAULT 0 COMMENT '修改次数',
  `created_at` datetime NULL DEFAULT CURRENT_TIMESTAMP,
  `understood` tinyint NULL DEFAULT 0 COMMENT '0未标记 1已明白',
  PRIMARY KEY (`id`) USING BTREE,
  INDEX `idx_session`(`session_id` ASC) USING BTREE,
  CONSTRAINT `quiz_answer_ibfk_1` FOREIGN KEY (`session_id`) REFERENCES `quiz_session` (`id`) ON DELETE RESTRICT ON UPDATE RESTRICT
) ENGINE = InnoDB AUTO_INCREMENT = 161 CHARACTER SET = utf8mb4 COLLATE = utf8mb4_unicode_ci ROW_FORMAT = Dynamic;

-- ----------------------------
-- Records of quiz_answer
-- ----------------------------
INSERT INTO `quiz_answer` VALUES (1, 1, 1, '单选', NULL, '在Java中，以下哪个关键字用于定义常量？', NULL, 'C. const', '', 0, 8, 1, '2026-05-31 02:55:12', 0);
INSERT INTO `quiz_answer` VALUES (2, 1, 2, '单选', NULL, 'Java中，下列哪个类是所有类的父类？', NULL, 'B. Class', '', 0, 2, 1, '2026-05-31 02:55:12', 0);
INSERT INTO `quiz_answer` VALUES (3, 1, 3, '单选', NULL, 'Java中，以下哪种循环结构不支持迭代器？', NULL, 'B. while', '', 0, 2, 1, '2026-05-31 02:55:12', 0);
INSERT INTO `quiz_answer` VALUES (4, 1, 4, '单选', NULL, 'Java中，以下哪个修饰符表示类成员只能被同一包中的类访问？', NULL, 'D. public', '', 0, 2, 1, '2026-05-31 02:55:12', 0);
INSERT INTO `quiz_answer` VALUES (5, 1, 5, '单选', NULL, 'Java中，以下哪个方法用于获取字符串长度？', NULL, 'A. length()', '', 0, 4, 1, '2026-05-31 02:55:12', 0);
INSERT INTO `quiz_answer` VALUES (6, 1, 6, '单选', NULL, 'Java中，以下哪个关键字用于实现接口？', NULL, 'C. extends and implements', '', 0, 0, 1, '2026-05-31 02:55:12', 0);
INSERT INTO `quiz_answer` VALUES (7, 1, 7, '单选', NULL, 'Java中，以下哪个集合类允许重复元素且有序？', NULL, 'C. ArrayList*', '', 0, 0, 1, '2026-05-31 02:55:12', 0);
INSERT INTO `quiz_answer` VALUES (8, 1, 8, '单选', NULL, 'Java中，以下哪个关键字用于抛出异常？', NULL, 'C. try', '', 0, 0, 1, '2026-05-31 02:55:12', 0);
INSERT INTO `quiz_answer` VALUES (9, 1, 9, '单选', NULL, 'Java中，以下哪个方法可以将字符串转换为整数？', NULL, 'C. parseInteger()', '', 0, 0, 1, '2026-05-31 02:55:12', 0);
INSERT INTO `quiz_answer` VALUES (10, 1, 10, '判断', NULL, 'Java是一种面向对象的编程语言。', NULL, '正确', '', 0, 6, 0, '2026-05-31 02:55:12', 0);
INSERT INTO `quiz_answer` VALUES (11, 1, 11, '判断', NULL, 'Java中，一个类可以继承多个类。', NULL, '正确', '', 0, 2, 0, '2026-05-31 02:55:12', 0);
INSERT INTO `quiz_answer` VALUES (12, 1, 12, '判断', NULL, 'Java中，main方法的参数是一个String数组。', NULL, '正确', '', 0, 0, 0, '2026-05-31 02:55:12', 0);
INSERT INTO `quiz_answer` VALUES (13, 1, 13, '判断', NULL, 'Java中，final关键字可以用于修饰类、方法和变量。', NULL, '正确', '', 0, 0, 0, '2026-05-31 02:55:12', 0);
INSERT INTO `quiz_answer` VALUES (14, 1, 14, '解析', NULL, '请解释Java中的多态性及其作用。', NULL, '不会', '', -1, 6, 0, '2026-05-31 02:55:12', 0);
INSERT INTO `quiz_answer` VALUES (15, 1, 15, '解析', NULL, '请说明Java中的接口与抽象类的区别。', NULL, '不会', '', -1, 0, 0, '2026-05-31 02:55:12', 0);
INSERT INTO `quiz_answer` VALUES (16, 1, 16, '解析', NULL, '请描述Java中的垃圾回收机制。', NULL, '不会', '', -1, 0, 0, '2026-05-31 02:55:12', 0);
INSERT INTO `quiz_answer` VALUES (17, 1, 17, '解析', NULL, '请解释Java中的try-with-resources语句的作用。', NULL, '不会', '', -1, 0, 0, '2026-05-31 02:55:12', 0);
INSERT INTO `quiz_answer` VALUES (18, 1, 18, '解析', NULL, '请说明Java中的泛型是什么，以及它的优点。', NULL, '不会', '', -1, 1, 0, '2026-05-31 02:55:12', 0);
INSERT INTO `quiz_answer` VALUES (19, 1, 19, '填空', NULL, 'Java中，用于定义一个类的关键字是______。', NULL, '不会', 'class', -1, 0, 0, '2026-05-31 02:55:12', 0);
INSERT INTO `quiz_answer` VALUES (20, 1, 20, '填空', NULL, 'Java中，用于创建对象的关键字是______。', NULL, '不会', 'new', -1, 0, 0, '2026-05-31 02:55:12', 0);
INSERT INTO `quiz_answer` VALUES (21, 2, 1, '单选', NULL, '在Java中，以下哪个关键字用于定义常量？', NULL, 'A. static', '', 0, 2, 1, '2026-05-31 02:59:58', 0);
INSERT INTO `quiz_answer` VALUES (22, 2, 2, '单选', NULL, 'Java中，下列哪个类是所有类的父类？', NULL, 'A. Object*', '', 0, 2, 1, '2026-05-31 02:59:58', 0);
INSERT INTO `quiz_answer` VALUES (23, 2, 3, '单选', NULL, 'Java中，以下哪种循环结构不支持迭代器？', NULL, 'A. for-each', '', 0, 0, 1, '2026-05-31 02:59:58', 0);
INSERT INTO `quiz_answer` VALUES (24, 2, 4, '单选', NULL, 'Java中，以下哪个修饰符表示类成员只能被同一包中的类访问？', NULL, 'A. private', '', 0, 2, 1, '2026-05-31 02:59:58', 0);
INSERT INTO `quiz_answer` VALUES (25, 2, 5, '单选', NULL, 'Java中，以下哪个方法用于获取字符串长度？', NULL, 'D. len()', '', 0, 2, 1, '2026-05-31 02:59:58', 0);
INSERT INTO `quiz_answer` VALUES (26, 2, 6, '单选', NULL, 'Java中，以下哪个集合类允许重复元素且有序？', NULL, 'C. ArrayList*', '', 0, 0, 1, '2026-05-31 02:59:58', 0);
INSERT INTO `quiz_answer` VALUES (27, 2, 7, '单选', NULL, 'Java中，以下哪个关键字用于抛出异常？', NULL, 'B. throws', '', 0, 0, 1, '2026-05-31 02:59:58', 0);
INSERT INTO `quiz_answer` VALUES (28, 2, 8, '单选', NULL, 'Java中，以下哪个方法可以将字符串转换为整数？', NULL, 'C. toInteger()', '', 0, 0, 1, '2026-05-31 02:59:58', 0);
INSERT INTO `quiz_answer` VALUES (29, 2, 9, '单选', NULL, 'Java中，以下哪个包用于处理输入输出？', NULL, 'D. java.lang', '', 0, 0, 1, '2026-05-31 02:59:58', 0);
INSERT INTO `quiz_answer` VALUES (30, 2, 10, '判断', NULL, 'Java是一种面向对象的编程语言。', NULL, '正确', '', 0, 0, 0, '2026-05-31 02:59:58', 0);
INSERT INTO `quiz_answer` VALUES (31, 2, 11, '判断', NULL, 'Java程序必须包含main方法才能运行。', NULL, '正确', '', 0, 0, 0, '2026-05-31 02:59:58', 0);
INSERT INTO `quiz_answer` VALUES (32, 2, 12, '判断', NULL, 'Java中，int类型占用4个字节。', NULL, '正确', '', 0, 0, 0, '2026-05-31 02:59:58', 0);
INSERT INTO `quiz_answer` VALUES (33, 2, 13, '判断', NULL, 'Java中，类可以继承多个类。', NULL, '正确', '', 0, 0, 0, '2026-05-31 02:59:58', 0);
INSERT INTO `quiz_answer` VALUES (34, 2, 14, '解析', NULL, '请解释Java中的多态性及其作用。', NULL, '不会', '', -1, 1, 0, '2026-05-31 02:59:58', 0);
INSERT INTO `quiz_answer` VALUES (35, 2, 15, '解析', NULL, '请说明Java中接口和抽象类的区别。', NULL, '不会', '', -1, 0, 0, '2026-05-31 02:59:58', 0);
INSERT INTO `quiz_answer` VALUES (36, 2, 16, '解析', NULL, '请描述Java中垃圾回收机制的工作原理。', NULL, '不会', '', -1, 0, 0, '2026-05-31 02:59:58', 0);
INSERT INTO `quiz_answer` VALUES (37, 2, 17, '解析', NULL, '请解释Java中的异常处理机制。', NULL, '不会', '', -1, 0, 0, '2026-05-31 02:59:58', 0);
INSERT INTO `quiz_answer` VALUES (38, 2, 18, '解析', NULL, '请说明Java中泛型的作用及使用方式。', NULL, '不会', '', -1, 0, 0, '2026-05-31 02:59:58', 0);
INSERT INTO `quiz_answer` VALUES (39, 2, 19, '填空', NULL, 'Java中，定义一个类的关键字是______。', NULL, '不会', 'class', -1, 0, 0, '2026-05-31 02:59:58', 0);
INSERT INTO `quiz_answer` VALUES (40, 2, 20, '填空', NULL, 'Java中，用于比较两个字符串是否相等的方法是______。', NULL, '不会', 'equals()', -1, 0, 0, '2026-05-31 02:59:58', 0);
INSERT INTO `quiz_answer` VALUES (41, 5, 1, '单选', '', '在关系型数据库中，主键的作用是？', NULL, '减少数据冗余', '', 0, 2, 1, '2026-05-31 03:09:09', 0);
INSERT INTO `quiz_answer` VALUES (42, 5, 2, '单选', '', 'SQL语言中，用于删除表的语句是？', NULL, 'DELETE FROM', '', 0, 2, 1, '2026-05-31 03:09:09', 0);
INSERT INTO `quiz_answer` VALUES (43, 5, 3, '单选', '', '在数据库设计中，以下哪一项属于第三范式的要求？', NULL, '确保每个非主属性都完全依赖于主键', '', 0, 2, 1, '2026-05-31 03:09:09', 0);
INSERT INTO `quiz_answer` VALUES (44, 5, 4, '单选', '', '下面哪种索引类型在数据库中通常用于快速查找？', NULL, '哈希索引', '', 0, 0, 1, '2026-05-31 03:09:09', 0);
INSERT INTO `quiz_answer` VALUES (45, 5, 5, '单选', '', '在数据库事务中，ACID特性中的A代表什么？', NULL, '一致性', '', 0, 0, 1, '2026-05-31 03:09:09', 0);
INSERT INTO `quiz_answer` VALUES (46, 5, 6, '单选', '', '数据库的规范化目的是？', NULL, '提高查询速度', '', 0, 0, 1, '2026-05-31 03:09:09', 0);
INSERT INTO `quiz_answer` VALUES (47, 5, 7, '单选', '', '在MySQL中，使用哪个命令可以查看当前数据库的版本？', NULL, 'SELECT VERSION();*', '', 0, 0, 1, '2026-05-31 03:09:09', 0);
INSERT INTO `quiz_answer` VALUES (48, 5, 8, '判断', '', '数据库的外键约束可以保证数据的完整性。', NULL, '正确', '', 0, 0, 0, '2026-05-31 03:09:09', 0);
INSERT INTO `quiz_answer` VALUES (49, 5, 9, '判断', '', '视图是一种虚拟表，其内容由查询定义，不能直接修改数据。', NULL, '正确', '', 0, 0, 0, '2026-05-31 03:09:09', 0);
INSERT INTO `quiz_answer` VALUES (50, 5, 10, '判断', '', '在数据库中，一个表可以有多个主键。', NULL, '正确', '', 0, 0, 0, '2026-05-31 03:09:09', 0);
INSERT INTO `quiz_answer` VALUES (51, 5, 11, '解析', '', '请简述数据库的事务特性及其作用。', NULL, '不会', '', -1, 1, 0, '2026-05-31 03:09:09', 0);
INSERT INTO `quiz_answer` VALUES (52, 5, 12, '解析', '', '请解释什么是数据库的范式，并说明第一范式和第二范式的区别。', NULL, '不会', '', -1, 0, 0, '2026-05-31 03:09:09', 0);
INSERT INTO `quiz_answer` VALUES (53, 5, 13, '解析', '', '请说明数据库的索引机制及其对性能的影响。', NULL, '不会', '', -1, 0, 0, '2026-05-31 03:09:09', 0);
INSERT INTO `quiz_answer` VALUES (54, 5, 14, '填空', '', '在SQL中，用于筛选符合条件的记录的关键字是______。', NULL, '不会', 'WHERE', -1, 0, 0, '2026-05-31 03:09:09', 0);
INSERT INTO `quiz_answer` VALUES (55, 5, 15, '填空', '', '数据库的三级模式结构包括外模式、模式和______。', NULL, '不会', '内模式', -1, 0, 0, '2026-05-31 03:09:09', 0);
INSERT INTO `quiz_answer` VALUES (56, 6, 1, '单选', '', '中国近代史的开端是哪一年？', NULL, '1840年', '1840年*', 1, 32, 1, '2026-05-31 14:46:35', 0);
INSERT INTO `quiz_answer` VALUES (57, 6, 2, '单选', '', '《南京条约》签订于哪一年？', NULL, '1842年', '1842年*', 1, 48, 1, '2026-05-31 14:46:35', 0);
INSERT INTO `quiz_answer` VALUES (58, 6, 3, '单选', '', '辛亥革命的主要领导人是谁？', NULL, '孙中山', '孙中山*', 1, 8, 1, '2026-05-31 14:46:35', 0);
INSERT INTO `quiz_answer` VALUES (59, 6, 4, '单选', '', '五四运动爆发的时间是？', NULL, '1921年', '1919年*', 0, 12, 1, '2026-05-31 14:46:35', 1);
INSERT INTO `quiz_answer` VALUES (60, 6, 5, '单选', '', '中国共产党成立的时间是？', NULL, '1921年', '1921年*', 1, 36, 1, '2026-05-31 14:46:35', 0);
INSERT INTO `quiz_answer` VALUES (61, 6, 6, '单选', '', '抗日战争全面爆发的标志是？', NULL, '九一八事变', '卢沟桥事变*', 0, 24, 1, '2026-05-31 14:46:35', 1);
INSERT INTO `quiz_answer` VALUES (62, 6, 7, '单选', '', '中华人民共和国成立的时间是？', NULL, '1949年', '1949年*', 1, 58, 1, '2026-05-31 14:46:35', 0);
INSERT INTO `quiz_answer` VALUES (63, 6, 8, '判断', '', '《辛丑条约》是中国近代史上赔款最多的不平等条约。', NULL, '不会', '正确*', -1, 4, 0, '2026-05-31 14:46:35', 1);
INSERT INTO `quiz_answer` VALUES (64, 6, 9, '判断', '', '洋务运动的目的是为了维护清朝统治，而不是发展资本主义。', NULL, '错误', '正确*', 0, 8, 0, '2026-05-31 14:46:35', 1);
INSERT INTO `quiz_answer` VALUES (65, 6, 10, '判断', '', '新文化运动以“民主”和“科学”为口号，反对封建思想和传统文化。', NULL, '正确', '正确*', 1, 2, 0, '2026-05-31 14:46:35', 0);
INSERT INTO `quiz_answer` VALUES (66, 6, 11, '解析', '', '简述鸦片战争对中国社会的影响。', NULL, '不会', '', -1, 20, 0, '2026-05-31 14:46:35', 1);
INSERT INTO `quiz_answer` VALUES (67, 6, 12, '解析', '', '试分析中国近代化进程中洋务运动的历史地位和局限性。', NULL, '不会', '', -1, 1, 0, '2026-05-31 14:46:35', 1);
INSERT INTO `quiz_answer` VALUES (68, 6, 13, '解析', '', '请阐述抗日战争胜利的意义及其对中华民族的深远影响。', NULL, '不会', '', -1, 1, 0, '2026-05-31 14:46:35', 1);
INSERT INTO `quiz_answer` VALUES (69, 6, 14, '填空', '', '中国近代史的起止时间是______年至______年。', NULL, '不会', '1840年 1949年', -1, 0, 0, '2026-05-31 14:46:35', 1);
INSERT INTO `quiz_answer` VALUES (70, 6, 15, '填空', '', '中国共产党第一次全国代表大会召开的时间是______年。', NULL, '不会', '1921', -1, 0, 0, '2026-05-31 14:46:35', 1);
INSERT INTO `quiz_answer` VALUES (71, 7, 1, '单选', '', '以下哪个是Python中用于定义函数的关键字？', NULL, 'A.def', 'A.def*', 1, 26, 1, '2026-05-31 16:53:06', 0);
INSERT INTO `quiz_answer` VALUES (72, 7, 2, '单选', '', '在Python中，如何获取列表的长度？', NULL, 'B.length()', 'D.count()*', 0, 12, 1, '2026-05-31 16:53:06', 1);
INSERT INTO `quiz_answer` VALUES (73, 7, 3, '单选', '', '以下哪项不是Python的数据类型？', NULL, 'D.set', 'C.array*', 0, 24, 1, '2026-05-31 16:53:06', 1);
INSERT INTO `quiz_answer` VALUES (74, 7, 4, '单选', '', '在Python中，执行以下代码：print(3 + 4 * 2) 的结果是？', NULL, 'B.15', 'A.14*', 0, 6, 1, '2026-05-31 16:53:06', 1);
INSERT INTO `quiz_answer` VALUES (75, 7, 5, '单选', '', '以下哪个语句可以用来跳出循环？', NULL, 'A.break', 'A.break*', 1, 2, 1, '2026-05-31 16:53:06', 0);
INSERT INTO `quiz_answer` VALUES (76, 7, 6, '单选', '', '在Python中，使用什么符号来表示注释？', NULL, 'C.#', 'C.#*', 1, 4, 1, '2026-05-31 16:53:06', 0);
INSERT INTO `quiz_answer` VALUES (77, 7, 7, '单选', '', '以下哪个模块用于处理JSON数据？', NULL, 'A.json', 'A.json*', 1, 8, 1, '2026-05-31 16:53:06', 0);
INSERT INTO `quiz_answer` VALUES (78, 7, 8, '判断', '', 'Python是一种面向对象的编程语言。', NULL, '错误', '正确*', 0, 12, 0, '2026-05-31 16:53:06', 1);
INSERT INTO `quiz_answer` VALUES (79, 7, 9, '判断', '', '在Python中，变量不需要声明即可使用。', NULL, '正确', '正确*', 1, 43, 0, '2026-05-31 16:53:06', 0);
INSERT INTO `quiz_answer` VALUES (80, 7, 10, '判断', '', 'Python中的列表是不可变的数据结构。', NULL, '正确', '错误*', 0, 6, 0, '2026-05-31 16:53:06', 1);
INSERT INTO `quiz_answer` VALUES (81, 7, 11, '解析', '', '请解释Python中什么是装饰器，并简述其作用。', NULL, '不知道', '', 0, 27, 0, '2026-05-31 16:53:06', 1);
INSERT INTO `quiz_answer` VALUES (82, 7, 12, '解析', '', '请说明Python中生成器和普通函数的区别，并举例说明。', NULL, '不知道', '', 0, 19, 0, '2026-05-31 16:53:06', 1);
INSERT INTO `quiz_answer` VALUES (83, 7, 13, '解析', '', '请写出Python中实现多线程的两种方式，并简要说明其特点。', NULL, '不会', '', -1, 18, 0, '2026-05-31 16:53:06', 1);
INSERT INTO `quiz_answer` VALUES (84, 7, 14, '填空', '', '在Python中，使用______关键字来定义一个函数。', NULL, '不会', 'def', -1, 8, 0, '2026-05-31 16:53:06', 1);
INSERT INTO `quiz_answer` VALUES (85, 7, 15, '填空', '', '在Python中，将字符串转换为整数的函数是______。', NULL, '不会', 'int', -1, 49, 0, '2026-05-31 16:53:06', 1);
INSERT INTO `quiz_answer` VALUES (86, 10, 1, '单选', '', '中国近代史的开端是哪一事件？', NULL, '辛亥革命', '鸦片战争*', 0, 34, 1, '2026-05-31 17:04:13', 1);
INSERT INTO `quiz_answer` VALUES (87, 10, 2, '单选', '', '《南京条约》签订于哪一年？', NULL, '1840年', '1842年*', 0, 6, 1, '2026-05-31 17:04:13', 1);
INSERT INTO `quiz_answer` VALUES (88, 10, 3, '单选', '', '中国近代史上第一个不平等条约是？', NULL, '《南京条约》', '《南京条约》*', 1, 12, 1, '2026-05-31 17:04:13', 0);
INSERT INTO `quiz_answer` VALUES (89, 10, 4, '单选', '', '太平天国运动的主要领导人是谁？', NULL, '洪秀全', '洪秀全*', 1, 6, 1, '2026-05-31 17:04:13', 0);
INSERT INTO `quiz_answer` VALUES (90, 10, 5, '单选', '', '中国近代化的开端是哪一历史事件？', NULL, '鸦片战争', '洋务运动*', 0, 22, 1, '2026-05-31 17:04:13', 1);
INSERT INTO `quiz_answer` VALUES (91, 10, 6, '单选', '', '中国近代史上第一次思想解放运动是？', NULL, '洋务运动', '维新变法*', 0, 10, 1, '2026-05-31 17:04:13', 1);
INSERT INTO `quiz_answer` VALUES (92, 10, 7, '单选', '', '《天朝田亩制度》是哪一时期的纲领性文件？', NULL, '不会', '太平天国时期*', -1, 1, 0, '2026-05-31 17:04:13', 1);
INSERT INTO `quiz_answer` VALUES (93, 10, 8, '判断', '', '《辛丑条约》是中国近代史上赔款最多的不平等条约。', NULL, '不会', '正确*', -1, 0, 0, '2026-05-31 17:04:13', 1);
INSERT INTO `quiz_answer` VALUES (94, 10, 9, '判断', '', '洋务运动的根本目的是维护清朝统治。', NULL, '不会', '正确*', -1, 0, 0, '2026-05-31 17:04:13', 1);
INSERT INTO `quiz_answer` VALUES (95, 10, 10, '判断', '', '辛亥革命推翻了封建帝制，建立了中华民国。', NULL, '不会', '正确*', -1, 0, 0, '2026-05-31 17:04:13', 1);
INSERT INTO `quiz_answer` VALUES (96, 10, 11, '解析', '', '请简述《南京条约》的主要内容及其对中国的影响。', NULL, '不会', '', -1, 0, 0, '2026-05-31 17:04:13', 1);
INSERT INTO `quiz_answer` VALUES (97, 10, 12, '解析', '', '请分析戊戌变法失败的原因及其历史意义。', NULL, '不会', '', -1, 0, 0, '2026-05-31 17:04:13', 1);
INSERT INTO `quiz_answer` VALUES (98, 10, 13, '解析', '', '请阐述辛亥革命的历史功绩和局限性。', NULL, '不会', '', -1, 0, 0, '2026-05-31 17:04:13', 1);
INSERT INTO `quiz_answer` VALUES (99, 10, 14, '填空', '', '《______》是中国近代史上第一个不平等条约。', NULL, '不会', '南京条约', -1, 0, 0, '2026-05-31 17:04:13', 1);
INSERT INTO `quiz_answer` VALUES (100, 10, 15, '填空', '', '______是近代中国第一个系统介绍西方政治制度和科学知识的启蒙思想家。', NULL, '不会', '严复', -1, 0, 0, '2026-05-31 17:04:13', 1);
INSERT INTO `quiz_answer` VALUES (101, 16, 1, '单选', '', '以下哪个关键字用于定义常量？', NULL, 'C. const', 'B. final*', 0, 1, 1, '2026-05-31 18:03:06', 1);
INSERT INTO `quiz_answer` VALUES (102, 16, 2, '单选', '', 'Java中，String类的equals()方法与==运算符的区别是什么？', NULL, 'C. 两者功能相同', 'B. equals()比较内容，==比较对象地址*', 0, 0, 1, '2026-05-31 18:03:06', 1);
INSERT INTO `quiz_answer` VALUES (103, 16, 3, '单选', '', '以下哪项是Java的集合框架中实现List接口的类？', NULL, 'D. TreeSet', 'B. ArrayList*', 0, 0, 1, '2026-05-31 18:03:06', 1);
INSERT INTO `quiz_answer` VALUES (104, 16, 4, '单选', '', 'Java中，以下哪个修饰符表示类成员只能被同一包中的类访问？', NULL, 'A. public', 'D. 默认（不加修饰符）*', 0, 2, 1, '2026-05-31 18:03:06', 1);
INSERT INTO `quiz_answer` VALUES (105, 16, 5, '单选', '', 'Java中，以下哪个循环结构可以遍历集合？', NULL, 'B. while loop', 'C. for-each loop*', 0, 0, 1, '2026-05-31 18:03:06', 1);
INSERT INTO `quiz_answer` VALUES (106, 16, 6, '单选', '', 'Java中，以下哪个异常类型是运行时异常？', NULL, 'C. NullPointerException', 'C. NullPointerException*', 1, 0, 1, '2026-05-31 18:03:06', 0);
INSERT INTO `quiz_answer` VALUES (107, 16, 7, '单选', '', '在Java中，以下哪个关键字用于声明一个类实现某个接口？', NULL, 'D. new', 'B. implements*', 0, 0, 1, '2026-05-31 18:03:06', 1);
INSERT INTO `quiz_answer` VALUES (108, 16, 8, '判断', '', 'Java是一种强类型语言，变量必须先声明后使用。', NULL, '正确', '正确*', 1, 3, 0, '2026-05-31 18:03:06', 0);
INSERT INTO `quiz_answer` VALUES (109, 16, 9, '判断', '', 'Java中的main方法可以没有返回值。', NULL, '错误', '正确*', 0, 0, 0, '2026-05-31 18:03:06', 1);
INSERT INTO `quiz_answer` VALUES (110, 16, 10, '判断', '', 'Java支持多继承，可以通过extends关键字实现。', NULL, '错误', '错误*', 1, 5, 0, '2026-05-31 18:03:06', 0);
INSERT INTO `quiz_answer` VALUES (111, 16, 11, '解析', '', '请解释Java中final关键字的作用，并举例说明。', NULL, '不会', '', -1, 2, 0, '2026-05-31 18:03:06', 1);
INSERT INTO `quiz_answer` VALUES (112, 16, 12, '解析', '', '请说明Java中接口和抽象类的区别，并举例说明其应用场景。', NULL, '不会', '', -1, 0, 0, '2026-05-31 18:03:06', 1);
INSERT INTO `quiz_answer` VALUES (113, 16, 13, '解析', '', '请描述Java中垃圾回收机制的工作原理及其主要特点。', NULL, '不会', '', -1, 0, 0, '2026-05-31 18:03:06', 1);
INSERT INTO `quiz_answer` VALUES (114, 16, 14, '填空', '', 'Java中，用于定义一个类的关键字是______。', NULL, 'java', 'class', 0, 7, 0, '2026-05-31 18:03:06', 1);
INSERT INTO `quiz_answer` VALUES (115, 16, 15, '填空', '', 'Java中，线程的启动方式是通过调用______方法。', NULL, '1', 'start', 0, 6, 0, '2026-05-31 18:03:06', 1);
INSERT INTO `quiz_answer` VALUES (116, 17, 1, '单选', '', '以下哪个关键字用于定义常量？', NULL, 'C. const', 'B. final*', 0, 14, 1, '2026-05-31 19:09:52', 1);
INSERT INTO `quiz_answer` VALUES (117, 17, 2, '单选', '', 'Java中，下列哪个类是所有类的父类？', NULL, 'C. String', 'A. Object*', 0, 0, 1, '2026-05-31 19:09:52', 1);
INSERT INTO `quiz_answer` VALUES (118, 17, 3, '单选', '', '在Java中，以下哪项不能用来声明数组？', NULL, 'D. int arr = new int(5);', 'D. int arr = new int(5);*', 1, 24, 1, '2026-05-31 19:09:52', 0);
INSERT INTO `quiz_answer` VALUES (119, 17, 4, '单选', '', '以下哪个方法用于启动一个线程？', NULL, 'C. execute()', 'D. begin()*', 0, 6, 1, '2026-05-31 19:09:52', 1);
INSERT INTO `quiz_answer` VALUES (120, 17, 5, '单选', '', 'Java中，以下哪个修饰符表示该类不能被继承？', NULL, 'C. private', 'D. final*', 0, 10, 1, '2026-05-31 19:09:52', 1);
INSERT INTO `quiz_answer` VALUES (121, 17, 6, '单选', '', 'Java中，以下哪个包包含所有的Java标准类库？', NULL, 'A. java.util', 'B. java.lang*', 0, 30, 1, '2026-05-31 19:09:52', 1);
INSERT INTO `quiz_answer` VALUES (122, 17, 7, '单选', '', '在Java中，以下哪种循环结构保证至少执行一次？', NULL, 'C. do-while', 'C. do-while*', 1, 4, 1, '2026-05-31 19:09:52', 0);
INSERT INTO `quiz_answer` VALUES (123, 17, 8, '判断', '', 'Java支持多继承。', NULL, '正确', '错误*', 0, 6, 0, '2026-05-31 19:09:52', 1);
INSERT INTO `quiz_answer` VALUES (124, 17, 9, '判断', '', 'Java中的String类是可变的。', NULL, '正确', '错误*', 0, 2, 0, '2026-05-31 19:09:52', 1);
INSERT INTO `quiz_answer` VALUES (125, 17, 10, '判断', '', 'Java中，一个类可以实现多个接口。', NULL, '正确', '正确*', 1, 9, 0, '2026-05-31 19:09:52', 0);
INSERT INTO `quiz_answer` VALUES (126, 17, 11, '解析', '', '请解释Java中final关键字的作用，并举例说明。', NULL, '限制变量改变', '', 0, 24, 0, '2026-05-31 19:09:52', 1);
INSERT INTO `quiz_answer` VALUES (127, 17, 12, '解析', '', '请说明Java中的异常处理机制及其主要组成部分。', NULL, '不会', '', -1, 5, 0, '2026-05-31 19:09:52', 1);
INSERT INTO `quiz_answer` VALUES (128, 17, 13, '解析', '', '请描述Java中的多线程编程，并说明如何创建线程。', NULL, '不会', '', -1, 4, 0, '2026-05-31 19:09:52', 1);
INSERT INTO `quiz_answer` VALUES (129, 17, 14, '填空', '', 'Java中，定义一个类使用的关键字是______。', NULL, 'class', 'class', 1, 18, 0, '2026-05-31 19:09:52', 0);
INSERT INTO `quiz_answer` VALUES (130, 17, 15, '填空', '', 'Java中，用于比较两个字符串内容是否相等的方法是______。', NULL, '不会', 'equals', -1, 23, 0, '2026-05-31 19:09:52', 1);
INSERT INTO `quiz_answer` VALUES (131, 18, 1, '单选', '', '在Python中，以下哪个关键字用于定义函数？', NULL, 'C.var', 'A.def*', 0, 2, 1, '2026-05-31 22:23:26', 0);
INSERT INTO `quiz_answer` VALUES (132, 18, 2, '单选', '', '以下哪种数据结构是不可变的？', NULL, 'A.list', 'D.tuple*', 0, 2, 1, '2026-05-31 22:23:26', 0);
INSERT INTO `quiz_answer` VALUES (133, 18, 3, '单选', '', 'Python中的异常处理使用哪个关键字？', NULL, 'D.throw', 'A.try*', 0, 2, 1, '2026-05-31 22:23:26', 0);
INSERT INTO `quiz_answer` VALUES (134, 18, 4, '单选', '', '以下哪个方法可以用来读取文件内容？', NULL, 'A.read()', '', 0, 0, 1, '2026-05-31 22:23:26', 0);
INSERT INTO `quiz_answer` VALUES (135, 18, 5, '单选', '', '在Python中，如何将字符串转换为整数？', NULL, 'C.float()', '', 0, 0, 1, '2026-05-31 22:23:26', 0);
INSERT INTO `quiz_answer` VALUES (136, 18, 6, '单选', '', '以下哪项不是Python的内置数据类型？', NULL, 'C.array', 'C.array*', 1, 0, 1, '2026-05-31 22:23:26', 0);
INSERT INTO `quiz_answer` VALUES (137, 18, 7, '单选', '', '以下哪个模块用于处理日期和时间？', NULL, 'C.date', 'A.datetime*', 0, 0, 1, '2026-05-31 22:23:26', 0);
INSERT INTO `quiz_answer` VALUES (138, 18, 8, '判断', '', 'Python支持多继承。', NULL, '错误', '正确*', 0, 2, 0, '2026-05-31 22:23:26', 0);
INSERT INTO `quiz_answer` VALUES (139, 18, 9, '判断', '', 'Python中，列表是不可变的数据类型。', NULL, '正确', '错误*', 0, 0, 0, '2026-05-31 22:23:26', 0);
INSERT INTO `quiz_answer` VALUES (140, 18, 10, '判断', '', '在Python中，for循环可以遍历任何可迭代对象。', NULL, '正确', '正确*', 1, 0, 0, '2026-05-31 22:23:26', 0);
INSERT INTO `quiz_answer` VALUES (141, 18, 11, '解析', '', '请解释Python中什么是装饰器，并举例说明其用途。', NULL, '不会', '', -1, 2, 0, '2026-05-31 22:23:26', 0);
INSERT INTO `quiz_answer` VALUES (142, 18, 12, '解析', '', '请描述Python中生成器（generator）的工作原理，并说明其与普通函数的区别。', NULL, '不会', '', -1, 0, 0, '2026-05-31 22:23:26', 0);
INSERT INTO `quiz_answer` VALUES (143, 18, 13, '解析', '', '请写出一个使用递归实现斐波那契数列的Python函数。', NULL, '不会', '', -1, 0, 0, '2026-05-31 22:23:26', 0);
INSERT INTO `quiz_answer` VALUES (144, 18, 14, '填空', '', '在Python中，__ 是用于定义类的关键字。', NULL, '不会', 'class', -1, 0, 0, '2026-05-31 22:23:26', 0);
INSERT INTO `quiz_answer` VALUES (145, 18, 15, '填空', '', 'Python中，使用 __ 模块来处理JSON数据。', NULL, '不会', 'json', -1, 0, 0, '2026-05-31 22:23:26', 0);
INSERT INTO `quiz_answer` VALUES (146, 19, 1, '单选', '', '在数据结构中，以下哪种结构是按照先进先出（FIFO）原则进行操作的？', NULL, 'A. 栈', 'B. 队列*', 0, 2, 1, '2026-05-31 22:32:52', 0);
INSERT INTO `quiz_answer` VALUES (147, 19, 2, '单选', '', 'Python语言中，用于定义函数的关键字是？', NULL, 'B. class', 'A. def*', 0, 0, 1, '2026-05-31 22:32:52', 0);
INSERT INTO `quiz_answer` VALUES (148, 19, 3, '单选', '', '微信小程序中，页面布局主要使用哪种技术实现？', NULL, 'B. CSS', 'A. HTML*', 0, 0, 1, '2026-05-31 22:32:52', 0);
INSERT INTO `quiz_answer` VALUES (149, 19, 4, '单选', '', '在高级网站技术中，以下哪项不是前端开发的主要技术？', NULL, 'B. CSS', 'C. Java*', 0, 0, 1, '2026-05-31 22:32:52', 0);
INSERT INTO `quiz_answer` VALUES (150, 19, 5, '单选', '', '多媒体课件设计中，以下哪项不属于交互设计的核心要素？', NULL, 'B. 界面布局', 'C. 动画效果*', 0, 0, 1, '2026-05-31 22:32:52', 0);
INSERT INTO `quiz_answer` VALUES (151, 19, 6, '单选', '', '教师资格考试实务中，教学设计的核心环节是？', NULL, 'D. 教学设备', 'A. 教学目标*', 0, 0, 1, '2026-05-31 22:32:52', 0);
INSERT INTO `quiz_answer` VALUES (152, 19, 7, '单选', '', '在Java基础设计中，以下哪个关键字用于定义类的成员变量？', NULL, 'D. public', 'C. private*', 0, 0, 1, '2026-05-31 22:32:52', 0);
INSERT INTO `quiz_answer` VALUES (153, 19, 8, '判断', '', '在数据结构中，链表的插入和删除操作的时间复杂度为O(1)。', NULL, '正确', '正确*', 1, 2, 0, '2026-05-31 22:32:52', 0);
INSERT INTO `quiz_answer` VALUES (154, 19, 9, '判断', '', 'Python中的列表（list）是不可变的数据类型。', NULL, '错误', '错误*', 1, 0, 0, '2026-05-31 22:32:52', 0);
INSERT INTO `quiz_answer` VALUES (155, 19, 10, '判断', '', '在微课制作中，视频时长越长越好，能涵盖更多内容。', NULL, '正确', '错误*', 0, 0, 0, '2026-05-31 22:32:52', 0);
INSERT INTO `quiz_answer` VALUES (156, 19, 11, '解析', '', '请简述数据结构中栈和队列的区别，并说明它们各自的应用场景。', NULL, '不会', '', -1, 2, 0, '2026-05-31 22:32:52', 0);
INSERT INTO `quiz_answer` VALUES (157, 19, 12, '解析', '', '请解释在教师口语训练中，如何通过语调、语速和停顿来提升表达效果。', NULL, '不会', '', -1, 0, 0, '2026-05-31 22:32:52', 0);
INSERT INTO `quiz_answer` VALUES (158, 19, 13, '解析', '', '请说明在高级网站技术中，响应式网页设计的基本原理及其重要性。', NULL, '不会', '', -1, 0, 0, '2026-05-31 22:32:52', 0);
INSERT INTO `quiz_answer` VALUES (159, 19, 14, '填空', '', '在数据结构中，线性表的存储方式包括顺序存储和______存储。', NULL, '不会', '链式', -1, 0, 0, '2026-05-31 22:32:52', 0);
INSERT INTO `quiz_answer` VALUES (160, 19, 15, '填空', '', '在教师资格考试实务中，教学反思的目的是为了不断优化______和教学策略。', NULL, '不会', '教学过程', -1, 0, 0, '2026-05-31 22:32:52', 0);

-- ----------------------------
-- Table structure for quiz_session
-- ----------------------------
DROP TABLE IF EXISTS `quiz_session`;
CREATE TABLE `quiz_session`  (
  `id` bigint NOT NULL AUTO_INCREMENT,
  `user_id` bigint NOT NULL,
  `subject` varchar(100) CHARACTER SET utf8mb4 COLLATE utf8mb4_unicode_ci NULL DEFAULT NULL COMMENT '答题科目',
  `subject_type` varchar(20) CHARACTER SET utf8mb4 COLLATE utf8mb4_unicode_ci NULL DEFAULT NULL COMMENT '专业/公共',
  `session_no` int NULL DEFAULT 1 COMMENT '用户第几次答题',
  `total_questions` int NULL DEFAULT NULL COMMENT '总题数',
  `answered_count` int NULL DEFAULT 0 COMMENT '已答题数',
  `correct_count` int NULL DEFAULT 0 COMMENT '正确数（客观题）',
  `skip_count` int NULL DEFAULT 0 COMMENT '跳过/不会',
  `total_duration_sec` int NULL DEFAULT 0 COMMENT '总耗时秒',
  `scores` json NULL COMMENT '六维评分',
  `strengths` json NULL COMMENT '长处',
  `weaknesses` json NULL COMMENT '短处',
  `suggestion` text CHARACTER SET utf8mb4 COLLATE utf8mb4_unicode_ci NULL COMMENT 'AI学习建议',
  `study_plan` json NULL COMMENT '学习计划',
  `status` varchar(20) CHARACTER SET utf8mb4 COLLATE utf8mb4_unicode_ci NULL DEFAULT 'pending' COMMENT 'pending/completed/evaluated',
  `created_at` datetime NULL DEFAULT CURRENT_TIMESTAMP,
  PRIMARY KEY (`id`) USING BTREE,
  INDEX `idx_user`(`user_id` ASC, `created_at` ASC) USING BTREE,
  CONSTRAINT `quiz_session_ibfk_1` FOREIGN KEY (`user_id`) REFERENCES `user` (`id`) ON DELETE RESTRICT ON UPDATE RESTRICT
) ENGINE = InnoDB AUTO_INCREMENT = 20 CHARACTER SET = utf8mb4 COLLATE = utf8mb4_unicode_ci ROW_FORMAT = Dynamic;

-- ----------------------------
-- Records of quiz_session
-- ----------------------------
INSERT INTO `quiz_session` VALUES (1, 10, 'Java基础设计', '专业', 1, 20, 13, 0, 7, 33, NULL, NULL, NULL, NULL, NULL, 'completed', '2026-05-31 02:54:39');
INSERT INTO `quiz_session` VALUES (2, 10, 'Java基础设计', '专业', 2, 20, 13, 0, 7, 9, '{\"专注耐力\": 0, \"专业学习力\": 0, \"信息检索力\": 0, \"判断决策力\": 0, \"自律执行力\": 0, \"逻辑思维力\": 0}', '[\"\", \"\"]', '[\"完全不了解Java基础知识，正确率为0%\", \"跳过/不会题目占比高，缺乏基本概念理解\"]', '该学生对Java基础概念完全不掌握，需要从零开始系统学习编程基础，建议重点理解关键字、类结构、数据类型、异常处理、集合类等核心内容，并加强练习和复习。', '[\"每天学习Java基础语法和关键概念，完成配套练习题\", \"逐步建立知识体系，强化记忆和理解\"]', 'evaluated', '2026-05-31 02:59:45');
INSERT INTO `quiz_session` VALUES (3, 10, '思政通识', '公共', 3, 20, 0, 0, 0, 0, NULL, NULL, NULL, NULL, NULL, 'pending', '2026-05-31 03:04:47');
INSERT INTO `quiz_session` VALUES (4, 10, '人文通识', '公共', 4, 20, 0, 0, 0, 0, NULL, NULL, NULL, NULL, NULL, 'pending', '2026-05-31 03:05:13');
INSERT INTO `quiz_session` VALUES (5, 10, '数据库', '专业', 5, 15, 10, 0, 5, 7, '{\"专注耐力\": 3, \"专业学习力\": 1, \"信息检索力\": 1, \"判断决策力\": 1, \"自律执行力\": 3, \"逻辑思维力\": 2}', '[\"专注耐力\", \"自律执行力\"]', '[\"逻辑思维力\", \"判断决策力\", \"专业学习力\", \"信息检索力\"]', '该学生在数据库基础知识方面掌握不牢固，特别是在逻辑思维、判断决策和专业学习能力上需要加强。建议多做练习题，加强对数据库核心概念（如范式、事务、索引等）的理解，并通过实际操作提升信息检索和问题解决能力。', '[\"每天复习一个数据库核心概念（如范式、事务、索引等）\", \"完成5道数据库相关的选择题和简答题\", \"阅读数据库设计与优化的相关资料\", \"练习SQL查询语句的编写和调试\"]', 'evaluated', '2026-05-31 03:08:58');
INSERT INTO `quiz_session` VALUES (6, 14, '中国近现代史纲要', '专业', 1, 15, 9, 6, 6, 254, '{\"专注耐力\": 4, \"专业学习力\": 2, \"信息检索力\": 1, \"判断决策力\": 2, \"自律执行力\": 3, \"逻辑思维力\": 3}', '[\"专注耐力较强\", \"对基础历史事件记忆较好\"]', '[\"逻辑思维能力较弱\", \"专业学习力不足\", \"信息检索能力差\", \"判断决策力较弱\"]', '需要加强历史事件之间的逻辑关系理解，提升专业学习能力和信息检索技巧，同时提高判断和决策能力。', '[\"每天复习一个历史事件的背景、过程和影响，强化逻辑思维\", \"阅读相关历史教材或资料，提升专业学习力\", \"练习判断题和分析题，增强判断决策力\", \"使用网络资源或图书馆查找历史资料，提高信息检索能力\"]', 'evaluated', '2026-05-31 14:44:11');
INSERT INTO `quiz_session` VALUES (7, 14, 'Python程序设计', '专业', 2, 15, 12, 5, 3, 264, '{\"专注耐力\": 3, \"专业学习力\": 2, \"信息检索力\": 1, \"判断决策力\": 2, \"自律执行力\": 2, \"逻辑思维力\": 2}', '[\"专注耐力\"]', '[\"逻辑思维力\", \"判断决策力\", \"专业学习力\", \"信息检索力\", \"自律执行力\"]', '刘晓雨同学在基础概念掌握上存在明显不足，尤其对Python语法和数据类型理解不扎实。建议加强基础知识的系统学习，注重练习与实践，同时提升信息检索能力。对于跳过题目较多的情况，应增强问题解决意识和自主学习能力。', '[\"每天学习Python基础语法（如变量、数据类型、控制结构）并完成相关练习\", \"重点复习函数定义、列表操作、注释和模块使用\", \"通过在线资源（如官方文档、教程网站）补充知识盲点\", \"针对跳过的题目进行专项练习，逐步提高解题能力\"]', 'evaluated', '2026-05-31 16:49:44');
INSERT INTO `quiz_session` VALUES (8, 14, '形势与政策', '专业', 3, 15, 0, 0, 0, 0, NULL, NULL, NULL, NULL, NULL, 'pending', '2026-05-31 16:53:16');
INSERT INTO `quiz_session` VALUES (9, 14, '中国近现代史纲要', '专业', 4, 15, 0, 0, 0, 0, NULL, NULL, NULL, NULL, NULL, 'pending', '2026-05-31 17:02:28');
INSERT INTO `quiz_session` VALUES (10, 14, '中国近现代史纲要', '专业', 5, 15, 6, 2, 9, 91, '{\"专注耐力\": 3, \"专业学习力\": 1, \"信息检索力\": 1, \"判断决策力\": 1, \"自律执行力\": 2, \"逻辑思维力\": 2}', '[\"专注耐力\"]', '[\"逻辑思维力\", \"判断决策力\", \"专业学习力\", \"信息检索力\", \"自律执行力\"]', '刘晓雨同学在历史知识方面基础较弱，尤其是对事件的时间、背景和影响理解不清晰。建议加强基础知识的系统学习，结合时间线梳理历史事件，并通过阅读相关书籍或观看纪录片加深理解。同时，提升信息检索能力，学会利用资料快速查找答案。', '[{\"goal\": \"掌握中国近代史的基本时间线和关键事件\", \"task\": \"完成《中国近代史》前五章的学习，整理时间轴并记忆重要事件\", \"week\": 1}, {\"goal\": \"理解主要历史事件的背景与影响\", \"task\": \"针对《南京条约》《辛丑条约》等重点条约进行专题学习，撰写简要分析\", \"week\": 2}, {\"goal\": \"提高信息检索和归纳总结能力\", \"task\": \"使用网络资源查找历史事件的详细资料，尝试回答开放性问题\", \"week\": 3}, {\"goal\": \"巩固知识，提升答题准确率\", \"task\": \"完成模拟题练习，针对错误题目进行查漏补缺\", \"week\": 4}]', 'evaluated', '2026-05-31 17:03:24');
INSERT INTO `quiz_session` VALUES (11, 14, '形势与政策', '专业', 6, 15, 0, 0, 0, 0, NULL, NULL, NULL, NULL, NULL, 'pending', '2026-05-31 17:07:56');
INSERT INTO `quiz_session` VALUES (12, 14, 'Java基础设计', '专业', 7, 15, 0, 0, 0, 0, NULL, NULL, NULL, NULL, NULL, 'pending', '2026-05-31 17:44:31');
INSERT INTO `quiz_session` VALUES (13, 14, 'Java基础设计', '专业', 8, 15, 0, 0, 0, 0, NULL, NULL, NULL, NULL, NULL, 'pending', '2026-05-31 17:51:17');
INSERT INTO `quiz_session` VALUES (14, 14, 'Java基础设计', '专业', 9, 15, 0, 0, 0, 0, NULL, NULL, NULL, NULL, NULL, 'pending', '2026-05-31 17:54:53');
INSERT INTO `quiz_session` VALUES (15, 14, 'Java基础设计', '专业', 10, 15, 0, 0, 0, 0, NULL, NULL, NULL, NULL, NULL, 'pending', '2026-05-31 17:59:11');
INSERT INTO `quiz_session` VALUES (16, 14, 'Java基础设计', '专业', 11, 15, 12, 3, 3, 26, '{\"专注耐力\": 3, \"专业学习力\": 1, \"信息检索力\": 1, \"判断决策力\": 1, \"自律执行力\": 2, \"逻辑思维力\": 2}', '[\"专注耐力\"]', '[\"逻辑思维力\", \"判断决策力\", \"专业学习力\", \"信息检索力\", \"自律执行力\"]', '刘晓雨同学在Java基础知识方面存在较大薄弱环节，尤其对常量定义、String比较、集合框架、访问修饰符、循环结构、异常类型、接口实现等基本概念理解不清。建议加强Java核心语法和面向对象编程的基础知识学习，多做练习题巩固知识点，并针对不会的问题进行系统性复习。', '[{\"goal\": \"掌握Java基础语法（变量、数据类型、运算符、流程控制）\", \"week\": 1, \"tasks\": [\"完成Java基础语法练习题\", \"观看Java基础教学视频\", \"总结常见错误并记录\"]}, {\"goal\": \"深入理解面向对象编程（类、对象、继承、多态）\", \"week\": 2, \"tasks\": [\"学习Java面向对象编程相关知识\", \"完成面向对象编程练习题\", \"编写简单程序实践\"]}, {\"goal\": \"掌握Java集合框架和异常处理机制\", \"week\": 3, \"tasks\": [\"学习Java集合框架（List、Set、Map）\", \"了解异常分类及处理方式\", \"完成相关练习题\"]}, {\"goal\": \"强化Java核心知识体系，查漏补缺\", \"week\": 4, \"tasks\": [\"复习已学内容，巩固知识点\", \"完成模拟测试题\", \"分析错题并总结\"]}]', 'evaluated', '2026-05-31 18:02:28');
INSERT INTO `quiz_session` VALUES (17, 14, 'Java基础设计', '专业', 12, 15, 12, 4, 3, 179, '{\"专注耐力\": 3, \"专业学习力\": 2, \"信息检索力\": 1, \"判断决策力\": 2, \"自律执行力\": 2, \"逻辑思维力\": 2}', '[\"专注耐力\"]', '[\"逻辑思维力\", \"判断决策力\", \"专业学习力\", \"信息检索力\", \"自律执行力\"]', '刘晓雨同学在专注耐力方面表现较好，但整体专业学习力和逻辑思维力较弱。建议加强Java基础知识的系统学习，尤其是对常量、类继承、数组声明、线程启动、访问修饰符等核心概念的理解。同时需提升信息检索能力和问题解决能力，针对编程中的难点（如异常处理、多线程、String类特性等）进行专项练习。', '[{\"goal\": \"掌握常量、类、数组、循环结构等基本概念\", \"topic\": \"Java基础语法\", \"time_allocation\": \"每周3小时\"}, {\"goal\": \"理解类与对象、继承、访问修饰符等\", \"topic\": \"面向对象编程\", \"time_allocation\": \"每周2小时\"}, {\"goal\": \"熟悉try-catch、finally、线程创建方式\", \"topic\": \"异常处理与多线程\", \"time_allocation\": \"每周2小时\"}, {\"goal\": \"掌握String类特性及常用方法\", \"topic\": \"字符串与集合框架\", \"time_allocation\": \"每周2小时\"}, {\"goal\": \"通过小项目巩固知识，提高代码调试能力\", \"topic\": \"编程实践\", \"time_allocation\": \"每周3小时\"}]', 'evaluated', '2026-05-31 19:07:35');
INSERT INTO `quiz_session` VALUES (18, 14, 'Python程序设计', '专业', 13, 15, 10, 2, 5, 10, '{\"专注耐力\": \"N\", \"专业学习力\": \"N\", \"信息检索力\": \"N\", \"判断决策力\": \"N\", \"自律执行力\": \"N\", \"逻辑思维力\": \"N\"}', '[]', '[\"对Python基础语法掌握不牢固，如函数定义、数据结构、异常处理等。\", \"对Python内置模块和功能不熟悉，如日期处理、JSON处理等。\", \"对Python高级特性如装饰器、生成器、递归等缺乏理解。\", \"答题过程中存在较多错误，且部分问题跳过未作答。\"]', '建议系统学习Python基础语法和核心概念，重点掌握数据结构、函数、异常处理、模块使用等，并通过实践加深理解。同时加强Python高级特性的学习，如装饰器、生成器、递归等。', '[\"每天学习Python基础语法，完成相关练习题。\", \"重点复习数据结构（列表、元组、字典、集合）和函数定义。\", \"学习Python异常处理机制及常用模块的使用。\", \"逐步了解并实践装饰器、生成器、递归等高级特性。\", \"通过实际项目或代码练习巩固所学知识。\"]', 'evaluated', '2026-05-31 22:23:11');
INSERT INTO `quiz_session` VALUES (19, 14, '学科综合', '专业', 14, 15, 10, 2, 5, 6, '{\"专注耐力\": 5, \"专业学习力\": 5, \"信息检索力\": 5, \"判断决策力\": 5, \"自律执行力\": 5, \"逻辑思维力\": 5}', '[]', '[]', '', '[]', 'evaluated', '2026-05-31 22:32:37');

-- ----------------------------
-- Table structure for schedule
-- ----------------------------
DROP TABLE IF EXISTS `schedule`;
CREATE TABLE `schedule`  (
  `id` bigint NOT NULL AUTO_INCREMENT,
  `user_id` bigint NOT NULL,
  `course_id` bigint NULL DEFAULT NULL,
  `course_name` varchar(100) CHARACTER SET utf8mb4 COLLATE utf8mb4_unicode_ci NULL DEFAULT NULL COMMENT '课程名称',
  `day_of_week` int NOT NULL COMMENT '星期 1-7',
  `start_time` time NOT NULL,
  `end_time` time NOT NULL,
  `start_node` int NOT NULL COMMENT '开始节次 1-13',
  `step` int NOT NULL COMMENT '持续节数',
  `classroom` varchar(200) CHARACTER SET utf8mb4 COLLATE utf8mb4_unicode_ci NULL DEFAULT NULL COMMENT '教室',
  `semester` varchar(30) CHARACTER SET utf8mb4 COLLATE utf8mb4_unicode_ci NOT NULL COMMENT '学期',
  `weeks` json NOT NULL COMMENT '上课周次，如[1,2,3,4,5,6,7,8]',
  `status` tinyint NULL DEFAULT 1 COMMENT '1=正常 0=已下架',
  `created_at` datetime NULL DEFAULT CURRENT_TIMESTAMP,
  PRIMARY KEY (`id`) USING BTREE,
  INDEX `idx_schedule_user_day`(`user_id` ASC, `day_of_week` ASC) USING BTREE,
  INDEX `idx_schedule_user_semester`(`user_id` ASC, `semester` ASC) USING BTREE,
  INDEX `course_id`(`course_id` ASC) USING BTREE,
  CONSTRAINT `schedule_ibfk_1` FOREIGN KEY (`user_id`) REFERENCES `user` (`id`) ON DELETE CASCADE ON UPDATE RESTRICT,
  CONSTRAINT `schedule_ibfk_2` FOREIGN KEY (`course_id`) REFERENCES `course` (`id`) ON DELETE CASCADE ON UPDATE RESTRICT
) ENGINE = InnoDB AUTO_INCREMENT = 923 CHARACTER SET = utf8mb4 COLLATE = utf8mb4_unicode_ci COMMENT = '课表/排课表' ROW_FORMAT = Dynamic;

-- ----------------------------
-- Records of schedule
-- ----------------------------
INSERT INTO `schedule` VALUES (1, 10, NULL, '数据结构与算法基础', 1, '08:30:00', '09:55:00', 1, 2, '地信-B403(机房)', '2025-2026-2', '[1, 2, 3, 4, 5, 6, 7, 8, 9, 10, 11, 12, 13, 14, 15, 16, 17, 18]', 1, '2026-05-24 21:00:49');
INSERT INTO `schedule` VALUES (2, 11, NULL, '数据结构与算法基础', 1, '08:30:00', '09:55:00', 1, 2, '地信-B403(机房)', '2025-2026-2', '[1, 2, 3, 4, 5, 6, 7, 8, 9, 10, 11, 12, 13, 14, 15, 16, 17, 18]', 1, '2026-05-24 21:00:49');
INSERT INTO `schedule` VALUES (3, 12, NULL, '数据结构与算法基础', 1, '08:30:00', '09:55:00', 1, 2, '地信-B403(机房)', '2025-2026-2', '[1, 2, 3, 4, 5, 6, 7, 8, 9, 10, 11, 12, 13, 14, 15, 16, 17, 18]', 1, '2026-05-24 21:00:49');
INSERT INTO `schedule` VALUES (4, 13, NULL, '数据结构与算法基础', 1, '08:30:00', '09:55:00', 1, 2, '地信-B403(机房)', '2025-2026-2', '[1, 2, 3, 4, 5, 6, 7, 8, 9, 10, 11, 12, 13, 14, 15, 16, 17, 18]', 1, '2026-05-24 21:00:49');
INSERT INTO `schedule` VALUES (8, 10, NULL, 'Python程序设计', 1, '10:10:00', '11:35:00', 3, 2, '武1-316(机房)', '2025-2026-2', '[1, 2, 3, 4, 5, 6, 7, 8, 9, 10, 11, 12, 13, 14, 15, 16, 17, 18]', 1, '2026-05-24 21:00:49');
INSERT INTO `schedule` VALUES (9, 11, NULL, 'Python程序设计', 1, '10:10:00', '11:35:00', 3, 2, '武1-316(机房)', '2025-2026-2', '[1, 2, 3, 4, 5, 6, 7, 8, 9, 10, 11, 12, 13, 14, 15, 16, 17, 18]', 1, '2026-05-24 21:00:49');
INSERT INTO `schedule` VALUES (10, 12, NULL, 'Python程序设计', 1, '10:10:00', '11:35:00', 3, 2, '武1-316(机房)', '2025-2026-2', '[1, 2, 3, 4, 5, 6, 7, 8, 9, 10, 11, 12, 13, 14, 15, 16, 17, 18]', 1, '2026-05-24 21:00:49');
INSERT INTO `schedule` VALUES (11, 13, NULL, 'Python程序设计', 1, '10:10:00', '11:35:00', 3, 2, '武1-316(机房)', '2025-2026-2', '[1, 2, 3, 4, 5, 6, 7, 8, 9, 10, 11, 12, 13, 14, 15, 16, 17, 18]', 1, '2026-05-24 21:00:49');
INSERT INTO `schedule` VALUES (15, 10, NULL, '微信小程序设计', 1, '11:40:00', '12:20:00', 5, 1, '地信-B402(机房)', '2025-2026-2', '[1, 2, 3, 4, 5, 6, 7, 8, 9, 10, 11, 12, 13, 14, 15, 16, 17, 18]', 1, '2026-05-24 21:00:49');
INSERT INTO `schedule` VALUES (16, 11, NULL, '微信小程序设计', 1, '11:40:00', '12:20:00', 5, 1, '地信-B402(机房)', '2025-2026-2', '[1, 2, 3, 4, 5, 6, 7, 8, 9, 10, 11, 12, 13, 14, 15, 16, 17, 18]', 1, '2026-05-24 21:00:49');
INSERT INTO `schedule` VALUES (17, 12, NULL, '微信小程序设计', 1, '11:40:00', '12:20:00', 5, 1, '地信-B402(机房)', '2025-2026-2', '[1, 2, 3, 4, 5, 6, 7, 8, 9, 10, 11, 12, 13, 14, 15, 16, 17, 18]', 1, '2026-05-24 21:00:49');
INSERT INTO `schedule` VALUES (18, 13, NULL, '微信小程序设计', 1, '11:40:00', '12:20:00', 5, 1, '地信-B402(机房)', '2025-2026-2', '[1, 2, 3, 4, 5, 6, 7, 8, 9, 10, 11, 12, 13, 14, 15, 16, 17, 18]', 1, '2026-05-24 21:00:49');
INSERT INTO `schedule` VALUES (36, 10, NULL, 'Python程序设计', 2, '10:10:00', '11:35:00', 3, 2, '武1-316(机房)', '2025-2026-2', '[1, 2, 3, 4, 5, 6, 7, 8, 9, 10, 11, 12, 13, 14, 15, 16, 17, 18]', 1, '2026-05-24 21:00:49');
INSERT INTO `schedule` VALUES (37, 11, NULL, 'Python程序设计', 2, '10:10:00', '11:35:00', 3, 2, '武1-316(机房)', '2025-2026-2', '[1, 2, 3, 4, 5, 6, 7, 8, 9, 10, 11, 12, 13, 14, 15, 16, 17, 18]', 1, '2026-05-24 21:00:49');
INSERT INTO `schedule` VALUES (38, 12, NULL, 'Python程序设计', 2, '10:10:00', '11:35:00', 3, 2, '武1-316(机房)', '2025-2026-2', '[1, 2, 3, 4, 5, 6, 7, 8, 9, 10, 11, 12, 13, 14, 15, 16, 17, 18]', 1, '2026-05-24 21:00:49');
INSERT INTO `schedule` VALUES (39, 13, NULL, 'Python程序设计', 2, '10:10:00', '11:35:00', 3, 2, '武1-316(机房)', '2025-2026-2', '[1, 2, 3, 4, 5, 6, 7, 8, 9, 10, 11, 12, 13, 14, 15, 16, 17, 18]', 1, '2026-05-24 21:00:49');
INSERT INTO `schedule` VALUES (43, 10, NULL, '数据结构与算法基础', 2, '11:40:00', '12:20:00', 5, 1, '地信-B403(机房)', '2025-2026-2', '[1, 2, 3, 4, 5, 6, 7, 8, 9, 10, 11, 12, 13, 14, 15, 16, 17, 18]', 1, '2026-05-24 21:00:49');
INSERT INTO `schedule` VALUES (44, 11, NULL, '数据结构与算法基础', 2, '11:40:00', '12:20:00', 5, 1, '地信-B403(机房)', '2025-2026-2', '[1, 2, 3, 4, 5, 6, 7, 8, 9, 10, 11, 12, 13, 14, 15, 16, 17, 18]', 1, '2026-05-24 21:00:49');
INSERT INTO `schedule` VALUES (45, 12, NULL, '数据结构与算法基础', 2, '11:40:00', '12:20:00', 5, 1, '地信-B403(机房)', '2025-2026-2', '[1, 2, 3, 4, 5, 6, 7, 8, 9, 10, 11, 12, 13, 14, 15, 16, 17, 18]', 1, '2026-05-24 21:00:49');
INSERT INTO `schedule` VALUES (46, 13, NULL, '数据结构与算法基础', 2, '11:40:00', '12:20:00', 5, 1, '地信-B403(机房)', '2025-2026-2', '[1, 2, 3, 4, 5, 6, 7, 8, 9, 10, 11, 12, 13, 14, 15, 16, 17, 18]', 1, '2026-05-24 21:00:49');
INSERT INTO `schedule` VALUES (50, 10, NULL, '微信小程序设计', 2, '14:20:00', '15:45:00', 6, 2, '地信-B402(机房)', '2025-2026-2', '[1, 2, 3, 4, 5, 6, 7, 8, 9, 10, 11, 12, 13, 14, 15, 16, 17, 18]', 1, '2026-05-24 21:00:49');
INSERT INTO `schedule` VALUES (51, 11, NULL, '微信小程序设计', 2, '14:20:00', '15:45:00', 6, 2, '地信-B402(机房)', '2025-2026-2', '[1, 2, 3, 4, 5, 6, 7, 8, 9, 10, 11, 12, 13, 14, 15, 16, 17, 18]', 1, '2026-05-24 21:00:49');
INSERT INTO `schedule` VALUES (52, 12, NULL, '微信小程序设计', 2, '14:20:00', '15:45:00', 6, 2, '地信-B402(机房)', '2025-2026-2', '[1, 2, 3, 4, 5, 6, 7, 8, 9, 10, 11, 12, 13, 14, 15, 16, 17, 18]', 1, '2026-05-24 21:00:49');
INSERT INTO `schedule` VALUES (53, 13, NULL, '微信小程序设计', 2, '14:20:00', '15:45:00', 6, 2, '地信-B402(机房)', '2025-2026-2', '[1, 2, 3, 4, 5, 6, 7, 8, 9, 10, 11, 12, 13, 14, 15, 16, 17, 18]', 1, '2026-05-24 21:00:49');
INSERT INTO `schedule` VALUES (57, 10, NULL, '计算机综合实训', 2, '16:00:00', '17:25:00', 8, 2, '地信-B303(机房)', '2025-2026-2', '[1, 2, 3, 4, 5, 6, 7, 8, 9, 10, 11, 12, 13, 14, 15, 16, 17, 18]', 1, '2026-05-24 21:00:49');
INSERT INTO `schedule` VALUES (58, 11, NULL, '计算机综合实训', 2, '16:00:00', '17:25:00', 8, 2, '地信-B303(机房)', '2025-2026-2', '[1, 2, 3, 4, 5, 6, 7, 8, 9, 10, 11, 12, 13, 14, 15, 16, 17, 18]', 1, '2026-05-24 21:00:49');
INSERT INTO `schedule` VALUES (59, 12, NULL, '计算机综合实训', 2, '16:00:00', '17:25:00', 8, 2, '地信-B303(机房)', '2025-2026-2', '[1, 2, 3, 4, 5, 6, 7, 8, 9, 10, 11, 12, 13, 14, 15, 16, 17, 18]', 1, '2026-05-24 21:00:49');
INSERT INTO `schedule` VALUES (60, 13, NULL, '计算机综合实训', 2, '16:00:00', '17:25:00', 8, 2, '地信-B303(机房)', '2025-2026-2', '[1, 2, 3, 4, 5, 6, 7, 8, 9, 10, 11, 12, 13, 14, 15, 16, 17, 18]', 1, '2026-05-24 21:00:49');
INSERT INTO `schedule` VALUES (64, 10, NULL, '数据结构与算法基础', 3, '08:30:00', '09:55:00', 1, 2, '地信-B403(机房)', '2025-2026-2', '[1, 2, 3, 4, 5, 6, 7, 8, 9, 10, 11, 12, 13, 14, 15, 16, 17, 18]', 1, '2026-05-24 21:00:49');
INSERT INTO `schedule` VALUES (65, 11, NULL, '数据结构与算法基础', 3, '08:30:00', '09:55:00', 1, 2, '地信-B403(机房)', '2025-2026-2', '[1, 2, 3, 4, 5, 6, 7, 8, 9, 10, 11, 12, 13, 14, 15, 16, 17, 18]', 1, '2026-05-24 21:00:49');
INSERT INTO `schedule` VALUES (66, 12, NULL, '数据结构与算法基础', 3, '08:30:00', '09:55:00', 1, 2, '地信-B403(机房)', '2025-2026-2', '[1, 2, 3, 4, 5, 6, 7, 8, 9, 10, 11, 12, 13, 14, 15, 16, 17, 18]', 1, '2026-05-24 21:00:49');
INSERT INTO `schedule` VALUES (67, 13, NULL, '数据结构与算法基础', 3, '08:30:00', '09:55:00', 1, 2, '地信-B403(机房)', '2025-2026-2', '[1, 2, 3, 4, 5, 6, 7, 8, 9, 10, 11, 12, 13, 14, 15, 16, 17, 18]', 1, '2026-05-24 21:00:49');
INSERT INTO `schedule` VALUES (78, 10, NULL, 'Python程序设计', 3, '11:40:00', '12:20:00', 5, 1, '武1-316(机房)', '2025-2026-2', '[1, 2, 3, 4, 5, 6, 7, 8, 9, 10, 11, 12, 13, 14, 15, 16, 17, 18]', 1, '2026-05-24 21:00:49');
INSERT INTO `schedule` VALUES (79, 11, NULL, 'Python程序设计', 3, '11:40:00', '12:20:00', 5, 1, '武1-316(机房)', '2025-2026-2', '[1, 2, 3, 4, 5, 6, 7, 8, 9, 10, 11, 12, 13, 14, 15, 16, 17, 18]', 1, '2026-05-24 21:00:49');
INSERT INTO `schedule` VALUES (80, 12, NULL, 'Python程序设计', 3, '11:40:00', '12:20:00', 5, 1, '武1-316(机房)', '2025-2026-2', '[1, 2, 3, 4, 5, 6, 7, 8, 9, 10, 11, 12, 13, 14, 15, 16, 17, 18]', 1, '2026-05-24 21:00:49');
INSERT INTO `schedule` VALUES (81, 13, NULL, 'Python程序设计', 3, '11:40:00', '12:20:00', 5, 1, '武1-316(机房)', '2025-2026-2', '[1, 2, 3, 4, 5, 6, 7, 8, 9, 10, 11, 12, 13, 14, 15, 16, 17, 18]', 1, '2026-05-24 21:00:49');
INSERT INTO `schedule` VALUES (85, 10, NULL, '计算机综合实训', 3, '14:20:00', '15:45:00', 6, 2, '地信-B303(机房)', '2025-2026-2', '[1, 2, 3, 4, 5, 6, 7, 8, 9, 10, 11, 12, 13, 14, 15, 16, 17, 18]', 1, '2026-05-24 21:00:49');
INSERT INTO `schedule` VALUES (86, 11, NULL, '计算机综合实训', 3, '14:20:00', '15:45:00', 6, 2, '地信-B303(机房)', '2025-2026-2', '[1, 2, 3, 4, 5, 6, 7, 8, 9, 10, 11, 12, 13, 14, 15, 16, 17, 18]', 1, '2026-05-24 21:00:49');
INSERT INTO `schedule` VALUES (87, 12, NULL, '计算机综合实训', 3, '14:20:00', '15:45:00', 6, 2, '地信-B303(机房)', '2025-2026-2', '[1, 2, 3, 4, 5, 6, 7, 8, 9, 10, 11, 12, 13, 14, 15, 16, 17, 18]', 1, '2026-05-24 21:00:49');
INSERT INTO `schedule` VALUES (88, 13, NULL, '计算机综合实训', 3, '14:20:00', '15:45:00', 6, 2, '地信-B303(机房)', '2025-2026-2', '[1, 2, 3, 4, 5, 6, 7, 8, 9, 10, 11, 12, 13, 14, 15, 16, 17, 18]', 1, '2026-05-24 21:00:49');
INSERT INTO `schedule` VALUES (106, 10, NULL, '微信小程序设计', 4, '14:20:00', '15:45:00', 6, 2, '地信-B402(机房)', '2025-2026-2', '[1, 2, 3, 4, 5, 6, 7, 8, 9, 10, 11, 12, 13, 14, 15, 16, 17, 18]', 1, '2026-05-24 21:00:49');
INSERT INTO `schedule` VALUES (107, 11, NULL, '微信小程序设计', 4, '14:20:00', '15:45:00', 6, 2, '地信-B402(机房)', '2025-2026-2', '[1, 2, 3, 4, 5, 6, 7, 8, 9, 10, 11, 12, 13, 14, 15, 16, 17, 18]', 1, '2026-05-24 21:00:49');
INSERT INTO `schedule` VALUES (108, 12, NULL, '微信小程序设计', 4, '14:20:00', '15:45:00', 6, 2, '地信-B402(机房)', '2025-2026-2', '[1, 2, 3, 4, 5, 6, 7, 8, 9, 10, 11, 12, 13, 14, 15, 16, 17, 18]', 1, '2026-05-24 21:00:49');
INSERT INTO `schedule` VALUES (109, 13, NULL, '微信小程序设计', 4, '14:20:00', '15:45:00', 6, 2, '地信-B402(机房)', '2025-2026-2', '[1, 2, 3, 4, 5, 6, 7, 8, 9, 10, 11, 12, 13, 14, 15, 16, 17, 18]', 1, '2026-05-24 21:00:49');
INSERT INTO `schedule` VALUES (113, 10, NULL, '计算机综合实训', 5, '10:10:00', '11:35:00', 3, 2, '地信-B303(机房)', '2025-2026-2', '[1, 2, 3, 4, 5, 6, 7, 8, 9, 10, 11, 12, 13, 14, 15, 16, 17, 18]', 1, '2026-05-24 21:00:49');
INSERT INTO `schedule` VALUES (114, 11, NULL, '计算机综合实训', 5, '10:10:00', '11:35:00', 3, 2, '地信-B303(机房)', '2025-2026-2', '[1, 2, 3, 4, 5, 6, 7, 8, 9, 10, 11, 12, 13, 14, 15, 16, 17, 18]', 1, '2026-05-24 21:00:49');
INSERT INTO `schedule` VALUES (115, 12, NULL, '计算机综合实训', 5, '10:10:00', '11:35:00', 3, 2, '地信-B303(机房)', '2025-2026-2', '[1, 2, 3, 4, 5, 6, 7, 8, 9, 10, 11, 12, 13, 14, 15, 16, 17, 18]', 1, '2026-05-24 21:00:49');
INSERT INTO `schedule` VALUES (116, 13, NULL, '计算机综合实训', 5, '10:10:00', '11:35:00', 3, 2, '地信-B303(机房)', '2025-2026-2', '[1, 2, 3, 4, 5, 6, 7, 8, 9, 10, 11, 12, 13, 14, 15, 16, 17, 18]', 1, '2026-05-24 21:00:49');
INSERT INTO `schedule` VALUES (120, 10, NULL, '计算机综合实训', 5, '11:40:00', '12:20:00', 5, 1, '地信-B303(机房)', '2025-2026-2', '[1, 2, 3, 4, 5, 6, 7, 8, 9, 10, 11, 12, 13, 14, 15, 16, 17, 18]', 1, '2026-05-24 21:00:49');
INSERT INTO `schedule` VALUES (121, 11, NULL, '计算机综合实训', 5, '11:40:00', '12:20:00', 5, 1, '地信-B303(机房)', '2025-2026-2', '[1, 2, 3, 4, 5, 6, 7, 8, 9, 10, 11, 12, 13, 14, 15, 16, 17, 18]', 1, '2026-05-24 21:00:49');
INSERT INTO `schedule` VALUES (122, 12, NULL, '计算机综合实训', 5, '11:40:00', '12:20:00', 5, 1, '地信-B303(机房)', '2025-2026-2', '[1, 2, 3, 4, 5, 6, 7, 8, 9, 10, 11, 12, 13, 14, 15, 16, 17, 18]', 1, '2026-05-24 21:00:49');
INSERT INTO `schedule` VALUES (123, 13, NULL, '计算机综合实训', 5, '11:40:00', '12:20:00', 5, 1, '地信-B303(机房)', '2025-2026-2', '[1, 2, 3, 4, 5, 6, 7, 8, 9, 10, 11, 12, 13, 14, 15, 16, 17, 18]', 1, '2026-05-24 21:00:49');
INSERT INTO `schedule` VALUES (127, 10, NULL, 'Python程序设计', 5, '14:20:00', '15:45:00', 6, 2, '武1-316(机房)', '2025-2026-2', '[1, 2, 3, 4, 5, 6, 7, 8, 9, 10, 11, 12, 13, 14, 15, 16, 17, 18]', 1, '2026-05-24 21:00:49');
INSERT INTO `schedule` VALUES (128, 11, NULL, 'Python程序设计', 5, '14:20:00', '15:45:00', 6, 2, '武1-316(机房)', '2025-2026-2', '[1, 2, 3, 4, 5, 6, 7, 8, 9, 10, 11, 12, 13, 14, 15, 16, 17, 18]', 1, '2026-05-24 21:00:49');
INSERT INTO `schedule` VALUES (129, 12, NULL, 'Python程序设计', 5, '14:20:00', '15:45:00', 6, 2, '武1-316(机房)', '2025-2026-2', '[1, 2, 3, 4, 5, 6, 7, 8, 9, 10, 11, 12, 13, 14, 15, 16, 17, 18]', 1, '2026-05-24 21:00:49');
INSERT INTO `schedule` VALUES (130, 13, NULL, 'Python程序设计', 5, '14:20:00', '15:45:00', 6, 2, '武1-316(机房)', '2025-2026-2', '[1, 2, 3, 4, 5, 6, 7, 8, 9, 10, 11, 12, 13, 14, 15, 16, 17, 18]', 1, '2026-05-24 21:00:49');
INSERT INTO `schedule` VALUES (134, 10, NULL, 'Python程序设计', 5, '16:00:00', '17:25:00', 8, 2, '武1-316(机房)', '2025-2026-2', '[1, 2, 3, 4, 5, 6, 7, 8, 9, 10, 11, 12, 13, 14, 15, 16, 17, 18]', 1, '2026-05-24 21:00:49');
INSERT INTO `schedule` VALUES (135, 11, NULL, 'Python程序设计', 5, '16:00:00', '17:25:00', 8, 2, '武1-316(机房)', '2025-2026-2', '[1, 2, 3, 4, 5, 6, 7, 8, 9, 10, 11, 12, 13, 14, 15, 16, 17, 18]', 1, '2026-05-24 21:00:49');
INSERT INTO `schedule` VALUES (136, 12, NULL, 'Python程序设计', 5, '16:00:00', '17:25:00', 8, 2, '武1-316(机房)', '2025-2026-2', '[1, 2, 3, 4, 5, 6, 7, 8, 9, 10, 11, 12, 13, 14, 15, 16, 17, 18]', 1, '2026-05-24 21:00:49');
INSERT INTO `schedule` VALUES (137, 13, NULL, 'Python程序设计', 5, '16:00:00', '17:25:00', 8, 2, '武1-316(机房)', '2025-2026-2', '[1, 2, 3, 4, 5, 6, 7, 8, 9, 10, 11, 12, 13, 14, 15, 16, 17, 18]', 1, '2026-05-24 21:00:49');
INSERT INTO `schedule` VALUES (155, 14, NULL, 'Python程序设计', 1, '14:20:00', '15:45:00', 6, 2, '武1-316(机房)', '2025-2026-2', '[1, 2, 3, 4, 6, 10, 12, 13, 16, 17, 18]', 1, '2026-05-24 21:00:49');
INSERT INTO `schedule` VALUES (156, 15, NULL, 'Python程序设计', 1, '14:20:00', '15:45:00', 6, 2, '武1-316(机房)', '2025-2026-2', '[1, 2, 3, 4, 6, 10, 12, 13, 16, 17, 18]', 1, '2026-05-24 21:00:49');
INSERT INTO `schedule` VALUES (157, 16, NULL, 'Python程序设计', 1, '14:20:00', '15:45:00', 6, 2, '武1-316(机房)', '2025-2026-2', '[1, 2, 3, 4, 6, 10, 12, 13, 16, 17, 18]', 1, '2026-05-24 21:00:49');
INSERT INTO `schedule` VALUES (158, 17, NULL, 'Python程序设计', 1, '14:20:00', '15:45:00', 6, 2, '武1-316(机房)', '2025-2026-2', '[1, 2, 3, 4, 6, 10, 12, 13, 16, 17, 18]', 1, '2026-05-24 21:00:49');
INSERT INTO `schedule` VALUES (162, 14, NULL, 'Python程序设计', 1, '16:00:00', '17:25:00', 8, 2, '武1-316(机房)', '2025-2026-2', '[1, 2, 3, 4, 6, 10, 12, 13, 16, 17, 18]', 1, '2026-05-24 21:00:49');
INSERT INTO `schedule` VALUES (163, 15, NULL, 'Python程序设计', 1, '16:00:00', '17:25:00', 8, 2, '武1-316(机房)', '2025-2026-2', '[1, 2, 3, 4, 6, 10, 12, 13, 16, 17, 18]', 1, '2026-05-24 21:00:49');
INSERT INTO `schedule` VALUES (164, 16, NULL, 'Python程序设计', 1, '16:00:00', '17:25:00', 8, 2, '武1-316(机房)', '2025-2026-2', '[1, 2, 3, 4, 6, 10, 12, 13, 16, 17, 18]', 1, '2026-05-24 21:00:49');
INSERT INTO `schedule` VALUES (165, 17, NULL, 'Python程序设计', 1, '16:00:00', '17:25:00', 8, 2, '武1-316(机房)', '2025-2026-2', '[1, 2, 3, 4, 6, 10, 12, 13, 16, 17, 18]', 1, '2026-05-24 21:00:49');
INSERT INTO `schedule` VALUES (169, 14, NULL, '计算机综合实训', 1, '19:10:00', '20:35:00', 10, 2, '地信-B303(机房)', '2025-2026-2', '[9]', 1, '2026-05-24 21:00:49');
INSERT INTO `schedule` VALUES (170, 15, NULL, '计算机综合实训', 1, '19:10:00', '20:35:00', 10, 2, '地信-B303(机房)', '2025-2026-2', '[9]', 1, '2026-05-24 21:00:49');
INSERT INTO `schedule` VALUES (171, 16, NULL, '计算机综合实训', 1, '19:10:00', '20:35:00', 10, 2, '地信-B303(机房)', '2025-2026-2', '[9]', 1, '2026-05-24 21:00:49');
INSERT INTO `schedule` VALUES (172, 17, NULL, '计算机综合实训', 1, '19:10:00', '20:35:00', 10, 2, '地信-B303(机房)', '2025-2026-2', '[9]', 1, '2026-05-24 21:00:49');
INSERT INTO `schedule` VALUES (176, 14, NULL, '微信小程序设计', 2, '08:30:00', '09:55:00', 1, 2, '地信-B402(机房)', '2025-2026-2', '[1, 2, 3, 4, 5, 6, 8, 10, 11, 12, 13, 14, 15, 16, 17, 18]', 1, '2026-05-24 21:00:49');
INSERT INTO `schedule` VALUES (177, 15, NULL, '微信小程序设计', 2, '08:30:00', '09:55:00', 1, 2, '地信-B402(机房)', '2025-2026-2', '[1, 2, 3, 4, 5, 6, 8, 10, 11, 12, 13, 14, 15, 16, 17, 18]', 1, '2026-05-24 21:00:49');
INSERT INTO `schedule` VALUES (178, 16, NULL, '微信小程序设计', 2, '08:30:00', '09:55:00', 1, 2, '地信-B402(机房)', '2025-2026-2', '[1, 2, 3, 4, 5, 6, 8, 10, 11, 12, 13, 14, 15, 16, 17, 18]', 1, '2026-05-24 21:00:49');
INSERT INTO `schedule` VALUES (179, 17, NULL, '微信小程序设计', 2, '08:30:00', '09:55:00', 1, 2, '地信-B402(机房)', '2025-2026-2', '[1, 2, 3, 4, 5, 6, 8, 10, 11, 12, 13, 14, 15, 16, 17, 18]', 1, '2026-05-24 21:00:49');
INSERT INTO `schedule` VALUES (183, 14, NULL, '微信小程序设计', 2, '10:10:00', '11:35:00', 3, 2, '地信-B402(机房)', '2025-2026-2', '[1, 2, 3, 4, 5, 6, 8, 10, 11, 12, 13, 14, 15, 16, 17, 18]', 1, '2026-05-24 21:00:49');
INSERT INTO `schedule` VALUES (184, 15, NULL, '微信小程序设计', 2, '10:10:00', '11:35:00', 3, 2, '地信-B402(机房)', '2025-2026-2', '[1, 2, 3, 4, 5, 6, 8, 10, 11, 12, 13, 14, 15, 16, 17, 18]', 1, '2026-05-24 21:00:49');
INSERT INTO `schedule` VALUES (185, 16, NULL, '微信小程序设计', 2, '10:10:00', '11:35:00', 3, 2, '地信-B402(机房)', '2025-2026-2', '[1, 2, 3, 4, 5, 6, 8, 10, 11, 12, 13, 14, 15, 16, 17, 18]', 1, '2026-05-24 21:00:49');
INSERT INTO `schedule` VALUES (186, 17, NULL, '微信小程序设计', 2, '10:10:00', '11:35:00', 3, 2, '地信-B402(机房)', '2025-2026-2', '[1, 2, 3, 4, 5, 6, 8, 10, 11, 12, 13, 14, 15, 16, 17, 18]', 1, '2026-05-24 21:00:49');
INSERT INTO `schedule` VALUES (190, 14, NULL, '教师口语', 2, '14:20:00', '15:45:00', 6, 2, '武1-114', '2025-2026-2', '[1, 2, 3, 4, 5, 6, 8, 10, 11, 12, 13, 14, 15, 16, 17, 18]', 1, '2026-05-24 21:00:49');
INSERT INTO `schedule` VALUES (191, 15, NULL, '教师口语', 2, '14:20:00', '15:45:00', 6, 2, '武1-114', '2025-2026-2', '[1, 2, 3, 4, 5, 6, 8, 10, 11, 12, 13, 14, 15, 16, 17, 18]', 1, '2026-05-24 21:00:49');
INSERT INTO `schedule` VALUES (192, 16, NULL, '教师口语', 2, '14:20:00', '15:45:00', 6, 2, '武1-114', '2025-2026-2', '[1, 2, 3, 4, 5, 6, 8, 10, 11, 12, 13, 14, 15, 16, 17, 18]', 1, '2026-05-24 21:00:49');
INSERT INTO `schedule` VALUES (193, 17, NULL, '教师口语', 2, '14:20:00', '15:45:00', 6, 2, '武1-114', '2025-2026-2', '[1, 2, 3, 4, 5, 6, 8, 10, 11, 12, 13, 14, 15, 16, 17, 18]', 1, '2026-05-24 21:00:49');
INSERT INTO `schedule` VALUES (211, 14, NULL, '安全教育(六)', 2, '16:00:00', '17:25:00', 8, 2, '实验2-A504', '2025-2026-2', '[8]', 1, '2026-05-24 21:00:49');
INSERT INTO `schedule` VALUES (212, 15, NULL, '安全教育(六)', 2, '16:00:00', '17:25:00', 8, 2, '实验2-A504', '2025-2026-2', '[8]', 1, '2026-05-24 21:00:49');
INSERT INTO `schedule` VALUES (213, 16, NULL, '安全教育(六)', 2, '16:00:00', '17:25:00', 8, 2, '实验2-A504', '2025-2026-2', '[8]', 1, '2026-05-24 21:00:49');
INSERT INTO `schedule` VALUES (214, 17, NULL, '安全教育(六)', 2, '16:00:00', '17:25:00', 8, 2, '实验2-A504', '2025-2026-2', '[8]', 1, '2026-05-24 21:00:49');
INSERT INTO `schedule` VALUES (218, 14, NULL, '班主任工作技能训练', 2, '08:30:00', '09:55:00', 1, 2, '武1-203', '2025-2026-2', '[9]', 1, '2026-05-24 21:00:49');
INSERT INTO `schedule` VALUES (219, 15, NULL, '班主任工作技能训练', 2, '08:30:00', '09:55:00', 1, 2, '武1-203', '2025-2026-2', '[9]', 1, '2026-05-24 21:00:49');
INSERT INTO `schedule` VALUES (220, 16, NULL, '班主任工作技能训练', 2, '08:30:00', '09:55:00', 1, 2, '武1-203', '2025-2026-2', '[9]', 1, '2026-05-24 21:00:49');
INSERT INTO `schedule` VALUES (221, 17, NULL, '班主任工作技能训练', 2, '08:30:00', '09:55:00', 1, 2, '武1-203', '2025-2026-2', '[9]', 1, '2026-05-24 21:00:49');
INSERT INTO `schedule` VALUES (225, 14, NULL, '班主任工作技能训练', 2, '10:10:00', '11:35:00', 3, 2, '武1-203', '2025-2026-2', '[9]', 1, '2026-05-24 21:00:49');
INSERT INTO `schedule` VALUES (226, 15, NULL, '班主任工作技能训练', 2, '10:10:00', '11:35:00', 3, 2, '武1-203', '2025-2026-2', '[9]', 1, '2026-05-24 21:00:49');
INSERT INTO `schedule` VALUES (227, 16, NULL, '班主任工作技能训练', 2, '10:10:00', '11:35:00', 3, 2, '武1-203', '2025-2026-2', '[9]', 1, '2026-05-24 21:00:49');
INSERT INTO `schedule` VALUES (228, 17, NULL, '班主任工作技能训练', 2, '10:10:00', '11:35:00', 3, 2, '武1-203', '2025-2026-2', '[9]', 1, '2026-05-24 21:00:49');
INSERT INTO `schedule` VALUES (232, 14, NULL, '数据结构与算法基础', 3, '08:30:00', '09:55:00', 1, 2, '地信-B403(机房)', '2025-2026-2', '[1, 2, 3, 4, 6, 10, 12, 13, 16, 17, 18]', 1, '2026-05-24 21:00:49');
INSERT INTO `schedule` VALUES (233, 15, NULL, '数据结构与算法基础', 3, '08:30:00', '09:55:00', 1, 2, '地信-B403(机房)', '2025-2026-2', '[1, 2, 3, 4, 6, 10, 12, 13, 16, 17, 18]', 1, '2026-05-24 21:00:49');
INSERT INTO `schedule` VALUES (234, 16, NULL, '数据结构与算法基础', 3, '08:30:00', '09:55:00', 1, 2, '地信-B403(机房)', '2025-2026-2', '[1, 2, 3, 4, 6, 10, 12, 13, 16, 17, 18]', 1, '2026-05-24 21:00:49');
INSERT INTO `schedule` VALUES (235, 17, NULL, '数据结构与算法基础', 3, '08:30:00', '09:55:00', 1, 2, '地信-B403(机房)', '2025-2026-2', '[1, 2, 3, 4, 6, 10, 12, 13, 16, 17, 18]', 1, '2026-05-24 21:00:49');
INSERT INTO `schedule` VALUES (239, 14, NULL, '数据结构与算法基础', 3, '10:10:00', '11:35:00', 3, 2, '地信-B403(机房)', '2025-2026-2', '[1, 2, 3, 4, 6, 10, 12, 13, 16, 17, 18]', 1, '2026-05-24 21:00:49');
INSERT INTO `schedule` VALUES (240, 15, NULL, '数据结构与算法基础', 3, '10:10:00', '11:35:00', 3, 2, '地信-B403(机房)', '2025-2026-2', '[1, 2, 3, 4, 6, 10, 12, 13, 16, 17, 18]', 1, '2026-05-24 21:00:49');
INSERT INTO `schedule` VALUES (241, 16, NULL, '数据结构与算法基础', 3, '10:10:00', '11:35:00', 3, 2, '地信-B403(机房)', '2025-2026-2', '[1, 2, 3, 4, 6, 10, 12, 13, 16, 17, 18]', 1, '2026-05-24 21:00:49');
INSERT INTO `schedule` VALUES (242, 17, NULL, '数据结构与算法基础', 3, '10:10:00', '11:35:00', 3, 2, '地信-B403(机房)', '2025-2026-2', '[1, 2, 3, 4, 6, 10, 12, 13, 16, 17, 18]', 1, '2026-05-24 21:00:49');
INSERT INTO `schedule` VALUES (246, 14, NULL, '中国近现代史纲要', 3, '14:20:00', '16:40:00', 6, 3, '实验2-A402', '2025-2026-2', '[1, 2, 3, 4, 6, 10, 11, 12, 13, 16, 17, 18]', 1, '2026-05-24 21:00:49');
INSERT INTO `schedule` VALUES (247, 15, NULL, '中国近现代史纲要', 3, '14:20:00', '16:40:00', 6, 3, '实验2-A402', '2025-2026-2', '[1, 2, 3, 4, 6, 10, 11, 12, 13, 16, 17, 18]', 1, '2026-05-24 21:00:49');
INSERT INTO `schedule` VALUES (248, 16, NULL, '中国近现代史纲要', 3, '14:20:00', '16:40:00', 6, 3, '实验2-A402', '2025-2026-2', '[1, 2, 3, 4, 6, 10, 11, 12, 13, 16, 17, 18]', 1, '2026-05-24 21:00:49');
INSERT INTO `schedule` VALUES (249, 17, NULL, '中国近现代史纲要', 3, '14:20:00', '16:40:00', 6, 3, '实验2-A402', '2025-2026-2', '[1, 2, 3, 4, 6, 10, 11, 12, 13, 16, 17, 18]', 1, '2026-05-24 21:00:49');
INSERT INTO `schedule` VALUES (253, 14, NULL, '形势与政策', 3, '15:05:00', '16:40:00', 7, 2, '实验2-A402', '2025-2026-2', '[14]', 1, '2026-05-24 21:00:49');
INSERT INTO `schedule` VALUES (254, 15, NULL, '形势与政策', 3, '15:05:00', '16:40:00', 7, 2, '实验2-A402', '2025-2026-2', '[14]', 1, '2026-05-24 21:00:49');
INSERT INTO `schedule` VALUES (255, 16, NULL, '形势与政策', 3, '15:05:00', '16:40:00', 7, 2, '实验2-A402', '2025-2026-2', '[14]', 1, '2026-05-24 21:00:49');
INSERT INTO `schedule` VALUES (256, 17, NULL, '形势与政策', 3, '15:05:00', '16:40:00', 7, 2, '实验2-A402', '2025-2026-2', '[14]', 1, '2026-05-24 21:00:49');
INSERT INTO `schedule` VALUES (260, 14, NULL, '形势与政策', 3, '14:20:00', '16:40:00', 6, 3, '实验2-A402', '2025-2026-2', '[15]', 1, '2026-05-24 21:00:49');
INSERT INTO `schedule` VALUES (261, 15, NULL, '形势与政策', 3, '14:20:00', '16:40:00', 6, 3, '实验2-A402', '2025-2026-2', '[15]', 1, '2026-05-24 21:00:49');
INSERT INTO `schedule` VALUES (262, 16, NULL, '形势与政策', 3, '14:20:00', '16:40:00', 6, 3, '实验2-A402', '2025-2026-2', '[15]', 1, '2026-05-24 21:00:49');
INSERT INTO `schedule` VALUES (263, 17, NULL, '形势与政策', 3, '14:20:00', '16:40:00', 6, 3, '实验2-A402', '2025-2026-2', '[15]', 1, '2026-05-24 21:00:49');
INSERT INTO `schedule` VALUES (267, 14, NULL, '计算机综合实训', 3, '19:10:00', '20:35:00', 10, 2, '地信-B303(机房)', '2025-2026-2', '[9]', 1, '2026-05-24 21:00:49');
INSERT INTO `schedule` VALUES (268, 15, NULL, '计算机综合实训', 3, '19:10:00', '20:35:00', 10, 2, '地信-B303(机房)', '2025-2026-2', '[9]', 1, '2026-05-24 21:00:49');
INSERT INTO `schedule` VALUES (269, 16, NULL, '计算机综合实训', 3, '19:10:00', '20:35:00', 10, 2, '地信-B303(机房)', '2025-2026-2', '[9]', 1, '2026-05-24 21:00:49');
INSERT INTO `schedule` VALUES (270, 17, NULL, '计算机综合实训', 3, '19:10:00', '20:35:00', 10, 2, '地信-B303(机房)', '2025-2026-2', '[9]', 1, '2026-05-24 21:00:49');
INSERT INTO `schedule` VALUES (274, 14, NULL, '教师书写技能', 4, '08:30:00', '09:55:00', 1, 2, '武2-108', '2025-2026-2', '[1, 2, 3, 4, 6, 10, 12, 13, 16, 17, 18]', 1, '2026-05-24 21:00:49');
INSERT INTO `schedule` VALUES (275, 15, NULL, '教师书写技能', 4, '08:30:00', '09:55:00', 1, 2, '武2-108', '2025-2026-2', '[1, 2, 3, 4, 6, 10, 12, 13, 16, 17, 18]', 1, '2026-05-24 21:00:49');
INSERT INTO `schedule` VALUES (276, 16, NULL, '教师书写技能', 4, '08:30:00', '09:55:00', 1, 2, '武2-108', '2025-2026-2', '[1, 2, 3, 4, 6, 10, 12, 13, 16, 17, 18]', 1, '2026-05-24 21:00:49');
INSERT INTO `schedule` VALUES (277, 17, NULL, '教师书写技能', 4, '08:30:00', '09:55:00', 1, 2, '武2-108', '2025-2026-2', '[1, 2, 3, 4, 6, 10, 12, 13, 16, 17, 18]', 1, '2026-05-24 21:00:49');
INSERT INTO `schedule` VALUES (281, 14, NULL, '教师书写技能', 4, '10:10:00', '11:35:00', 3, 2, '智慧板书实训室', '2025-2026-2', '[1, 2, 3, 4, 6, 10, 12, 13, 16, 17, 18]', 1, '2026-05-24 21:00:49');
INSERT INTO `schedule` VALUES (282, 15, NULL, '教师书写技能', 4, '10:10:00', '11:35:00', 3, 2, '智慧板书实训室', '2025-2026-2', '[1, 2, 3, 4, 6, 10, 12, 13, 16, 17, 18]', 1, '2026-05-24 21:00:49');
INSERT INTO `schedule` VALUES (283, 16, NULL, '教师书写技能', 4, '10:10:00', '11:35:00', 3, 2, '智慧板书实训室', '2025-2026-2', '[1, 2, 3, 4, 6, 10, 12, 13, 16, 17, 18]', 1, '2026-05-24 21:00:49');
INSERT INTO `schedule` VALUES (284, 17, NULL, '教师书写技能', 4, '10:10:00', '11:35:00', 3, 2, '智慧板书实训室', '2025-2026-2', '[1, 2, 3, 4, 6, 10, 12, 13, 16, 17, 18]', 1, '2026-05-24 21:00:49');
INSERT INTO `schedule` VALUES (288, 14, NULL, '教师资格考试实务', 4, '14:20:00', '17:25:00', 6, 4, '武1-214', '2025-2026-2', '[1, 2, 3, 4, 6, 10, 12, 13, 16, 17, 18]', 1, '2026-05-24 21:00:49');
INSERT INTO `schedule` VALUES (289, 15, NULL, '教师资格考试实务', 4, '14:20:00', '17:25:00', 6, 4, '武1-214', '2025-2026-2', '[1, 2, 3, 4, 6, 10, 12, 13, 16, 17, 18]', 1, '2026-05-24 21:00:49');
INSERT INTO `schedule` VALUES (290, 16, NULL, '教师资格考试实务', 4, '14:20:00', '17:25:00', 6, 4, '武1-214', '2025-2026-2', '[1, 2, 3, 4, 6, 10, 12, 13, 16, 17, 18]', 1, '2026-05-24 21:00:49');
INSERT INTO `schedule` VALUES (291, 17, NULL, '教师资格考试实务', 4, '14:20:00', '17:25:00', 6, 4, '武1-214', '2025-2026-2', '[1, 2, 3, 4, 6, 10, 12, 13, 16, 17, 18]', 1, '2026-05-24 21:00:49');
INSERT INTO `schedule` VALUES (309, 14, NULL, '计算机综合实训', 4, '14:20:00', '15:45:00', 6, 2, '地信-B301(机房)', '2025-2026-2', '[11]', 1, '2026-05-24 21:00:49');
INSERT INTO `schedule` VALUES (310, 15, NULL, '计算机综合实训', 4, '14:20:00', '15:45:00', 6, 2, '地信-B301(机房)', '2025-2026-2', '[11]', 1, '2026-05-24 21:00:49');
INSERT INTO `schedule` VALUES (311, 16, NULL, '计算机综合实训', 4, '14:20:00', '15:45:00', 6, 2, '地信-B301(机房)', '2025-2026-2', '[11]', 1, '2026-05-24 21:00:49');
INSERT INTO `schedule` VALUES (312, 17, NULL, '计算机综合实训', 4, '14:20:00', '15:45:00', 6, 2, '地信-B301(机房)', '2025-2026-2', '[11]', 1, '2026-05-24 21:00:49');
INSERT INTO `schedule` VALUES (316, 14, NULL, '计算机综合实训', 4, '16:00:00', '17:25:00', 8, 2, '地信-B301(机房)', '2025-2026-2', '[11]', 1, '2026-05-24 21:00:49');
INSERT INTO `schedule` VALUES (317, 15, NULL, '计算机综合实训', 4, '16:00:00', '17:25:00', 8, 2, '地信-B301(机房)', '2025-2026-2', '[11]', 1, '2026-05-24 21:00:49');
INSERT INTO `schedule` VALUES (318, 16, NULL, '计算机综合实训', 4, '16:00:00', '17:25:00', 8, 2, '地信-B301(机房)', '2025-2026-2', '[11]', 1, '2026-05-24 21:00:49');
INSERT INTO `schedule` VALUES (319, 17, NULL, '计算机综合实训', 4, '16:00:00', '17:25:00', 8, 2, '地信-B301(机房)', '2025-2026-2', '[11]', 1, '2026-05-24 21:00:49');
INSERT INTO `schedule` VALUES (323, 14, NULL, '计算机综合实训', 4, '08:30:00', '09:55:00', 1, 2, '地信-B303(机房)', '2025-2026-2', '[15]', 1, '2026-05-24 21:00:49');
INSERT INTO `schedule` VALUES (324, 15, NULL, '计算机综合实训', 4, '08:30:00', '09:55:00', 1, 2, '地信-B303(机房)', '2025-2026-2', '[15]', 1, '2026-05-24 21:00:49');
INSERT INTO `schedule` VALUES (325, 16, NULL, '计算机综合实训', 4, '08:30:00', '09:55:00', 1, 2, '地信-B303(机房)', '2025-2026-2', '[15]', 1, '2026-05-24 21:00:49');
INSERT INTO `schedule` VALUES (326, 17, NULL, '计算机综合实训', 4, '08:30:00', '09:55:00', 1, 2, '地信-B303(机房)', '2025-2026-2', '[15]', 1, '2026-05-24 21:00:49');
INSERT INTO `schedule` VALUES (330, 14, NULL, '计算机综合实训', 4, '10:10:00', '11:35:00', 3, 2, '地信-B303(机房)', '2025-2026-2', '[15]', 1, '2026-05-24 21:00:49');
INSERT INTO `schedule` VALUES (331, 15, NULL, '计算机综合实训', 4, '10:10:00', '11:35:00', 3, 2, '地信-B303(机房)', '2025-2026-2', '[15]', 1, '2026-05-24 21:00:49');
INSERT INTO `schedule` VALUES (332, 16, NULL, '计算机综合实训', 4, '10:10:00', '11:35:00', 3, 2, '地信-B303(机房)', '2025-2026-2', '[15]', 1, '2026-05-24 21:00:49');
INSERT INTO `schedule` VALUES (333, 17, NULL, '计算机综合实训', 4, '10:10:00', '11:35:00', 3, 2, '地信-B303(机房)', '2025-2026-2', '[15]', 1, '2026-05-24 21:00:49');
INSERT INTO `schedule` VALUES (337, 14, NULL, '微课制作', 5, '08:30:00', '09:55:00', 1, 2, '实验3-301(机房)', '2025-2026-2', '[1, 2, 3, 4, 6, 10, 12, 13, 16, 17, 18]', 1, '2026-05-24 21:00:49');
INSERT INTO `schedule` VALUES (338, 15, NULL, '微课制作', 5, '08:30:00', '09:55:00', 1, 2, '实验3-301(机房)', '2025-2026-2', '[1, 2, 3, 4, 6, 10, 12, 13, 16, 17, 18]', 1, '2026-05-24 21:00:49');
INSERT INTO `schedule` VALUES (339, 16, NULL, '微课制作', 5, '08:30:00', '09:55:00', 1, 2, '实验3-301(机房)', '2025-2026-2', '[1, 2, 3, 4, 6, 10, 12, 13, 16, 17, 18]', 1, '2026-05-24 21:00:49');
INSERT INTO `schedule` VALUES (340, 17, NULL, '微课制作', 5, '08:30:00', '09:55:00', 1, 2, '实验3-301(机房)', '2025-2026-2', '[1, 2, 3, 4, 6, 10, 12, 13, 16, 17, 18]', 1, '2026-05-24 21:00:49');
INSERT INTO `schedule` VALUES (344, 14, NULL, '微课制作', 5, '10:10:00', '11:35:00', 3, 2, '实验3-301(机房)', '2025-2026-2', '[1, 2, 3, 4, 6, 10, 12, 13, 16, 17, 18]', 1, '2026-05-24 21:00:49');
INSERT INTO `schedule` VALUES (345, 15, NULL, '微课制作', 5, '10:10:00', '11:35:00', 3, 2, '实验3-301(机房)', '2025-2026-2', '[1, 2, 3, 4, 6, 10, 12, 13, 16, 17, 18]', 1, '2026-05-24 21:00:49');
INSERT INTO `schedule` VALUES (346, 16, NULL, '微课制作', 5, '10:10:00', '11:35:00', 3, 2, '实验3-301(机房)', '2025-2026-2', '[1, 2, 3, 4, 6, 10, 12, 13, 16, 17, 18]', 1, '2026-05-24 21:00:49');
INSERT INTO `schedule` VALUES (347, 17, NULL, '微课制作', 5, '10:10:00', '11:35:00', 3, 2, '实验3-301(机房)', '2025-2026-2', '[1, 2, 3, 4, 6, 10, 12, 13, 16, 17, 18]', 1, '2026-05-24 21:00:49');
INSERT INTO `schedule` VALUES (365, 14, NULL, '计算机综合实训', 5, '10:10:00', '11:35:00', 3, 2, '地信-B303(机房)', '2025-2026-2', '[9]', 1, '2026-05-24 21:00:49');
INSERT INTO `schedule` VALUES (366, 15, NULL, '计算机综合实训', 5, '10:10:00', '11:35:00', 3, 2, '地信-B303(机房)', '2025-2026-2', '[9]', 1, '2026-05-24 21:00:49');
INSERT INTO `schedule` VALUES (367, 16, NULL, '计算机综合实训', 5, '10:10:00', '11:35:00', 3, 2, '地信-B303(机房)', '2025-2026-2', '[9]', 1, '2026-05-24 21:00:49');
INSERT INTO `schedule` VALUES (368, 17, NULL, '计算机综合实训', 5, '10:10:00', '11:35:00', 3, 2, '地信-B303(机房)', '2025-2026-2', '[9]', 1, '2026-05-24 21:00:49');
INSERT INTO `schedule` VALUES (372, 14, NULL, '计算机综合实训', 5, '11:40:00', '12:20:00', 5, 1, '地信-B303(机房)', '2025-2026-2', '[9]', 1, '2026-05-24 21:00:49');
INSERT INTO `schedule` VALUES (373, 15, NULL, '计算机综合实训', 5, '11:40:00', '12:20:00', 5, 1, '地信-B303(机房)', '2025-2026-2', '[9]', 1, '2026-05-24 21:00:49');
INSERT INTO `schedule` VALUES (374, 16, NULL, '计算机综合实训', 5, '11:40:00', '12:20:00', 5, 1, '地信-B303(机房)', '2025-2026-2', '[9]', 1, '2026-05-24 21:00:49');
INSERT INTO `schedule` VALUES (375, 17, NULL, '计算机综合实训', 5, '11:40:00', '12:20:00', 5, 1, '地信-B303(机房)', '2025-2026-2', '[9]', 1, '2026-05-24 21:00:49');
INSERT INTO `schedule` VALUES (379, 14, NULL, '计算机综合实训', 5, '14:20:00', '15:45:00', 6, 2, '地信-B301(机房)', '2025-2026-2', '[11]', 1, '2026-05-24 21:00:49');
INSERT INTO `schedule` VALUES (380, 15, NULL, '计算机综合实训', 5, '14:20:00', '15:45:00', 6, 2, '地信-B301(机房)', '2025-2026-2', '[11]', 1, '2026-05-24 21:00:49');
INSERT INTO `schedule` VALUES (381, 16, NULL, '计算机综合实训', 5, '14:20:00', '15:45:00', 6, 2, '地信-B301(机房)', '2025-2026-2', '[11]', 1, '2026-05-24 21:00:49');
INSERT INTO `schedule` VALUES (382, 17, NULL, '计算机综合实训', 5, '14:20:00', '15:45:00', 6, 2, '地信-B301(机房)', '2025-2026-2', '[11]', 1, '2026-05-24 21:00:49');
INSERT INTO `schedule` VALUES (386, 14, NULL, '计算机综合实训', 5, '16:00:00', '17:25:00', 8, 2, '地信-B301(机房)', '2025-2026-2', '[11]', 1, '2026-05-24 21:00:49');
INSERT INTO `schedule` VALUES (387, 15, NULL, '计算机综合实训', 5, '16:00:00', '17:25:00', 8, 2, '地信-B301(机房)', '2025-2026-2', '[11]', 1, '2026-05-24 21:00:49');
INSERT INTO `schedule` VALUES (388, 16, NULL, '计算机综合实训', 5, '16:00:00', '17:25:00', 8, 2, '地信-B301(机房)', '2025-2026-2', '[11]', 1, '2026-05-24 21:00:49');
INSERT INTO `schedule` VALUES (389, 17, NULL, '计算机综合实训', 5, '16:00:00', '17:25:00', 8, 2, '地信-B301(机房)', '2025-2026-2', '[11]', 1, '2026-05-24 21:00:49');
INSERT INTO `schedule` VALUES (393, 14, NULL, '计算机综合实训', 5, '08:30:00', '09:55:00', 1, 2, '地信-B303(机房)', '2025-2026-2', '[15]', 1, '2026-05-24 21:00:49');
INSERT INTO `schedule` VALUES (394, 15, NULL, '计算机综合实训', 5, '08:30:00', '09:55:00', 1, 2, '地信-B303(机房)', '2025-2026-2', '[15]', 1, '2026-05-24 21:00:49');
INSERT INTO `schedule` VALUES (395, 16, NULL, '计算机综合实训', 5, '08:30:00', '09:55:00', 1, 2, '地信-B303(机房)', '2025-2026-2', '[15]', 1, '2026-05-24 21:00:49');
INSERT INTO `schedule` VALUES (396, 17, NULL, '计算机综合实训', 5, '08:30:00', '09:55:00', 1, 2, '地信-B303(机房)', '2025-2026-2', '[15]', 1, '2026-05-24 21:00:49');
INSERT INTO `schedule` VALUES (400, 14, NULL, '中国近现代史纲要', 6, '08:30:00', '11:35:00', 1, 4, '网络虚拟教室武鸣003', '2025-2026-2', '[15]', 1, '2026-05-24 21:00:49');
INSERT INTO `schedule` VALUES (401, 15, NULL, '中国近现代史纲要', 6, '08:30:00', '11:35:00', 1, 4, '网络虚拟教室武鸣003', '2025-2026-2', '[15]', 1, '2026-05-24 21:00:49');
INSERT INTO `schedule` VALUES (402, 16, NULL, '中国近现代史纲要', 6, '08:30:00', '11:35:00', 1, 4, '网络虚拟教室武鸣003', '2025-2026-2', '[15]', 1, '2026-05-24 21:00:49');
INSERT INTO `schedule` VALUES (403, 17, NULL, '中国近现代史纲要', 6, '08:30:00', '11:35:00', 1, 4, '网络虚拟教室武鸣003', '2025-2026-2', '[15]', 1, '2026-05-24 21:00:49');
INSERT INTO `schedule` VALUES (483, 10, 4, '高级网站技术', 7, '10:10:00', '11:35:00', 2, 2, '', '2025-2026-2', '[15]', 1, '2026-05-28 15:12:08');
INSERT INTO `schedule` VALUES (484, 11, 4, '高级网站技术', 7, '10:10:00', '11:35:00', 2, 2, '', '2025-2026-2', '[15]', 1, '2026-05-28 15:12:08');
INSERT INTO `schedule` VALUES (485, 12, 4, '高级网站技术', 7, '10:10:00', '11:35:00', 2, 2, '', '2025-2026-2', '[15]', 1, '2026-05-28 15:12:08');
INSERT INTO `schedule` VALUES (486, 13, 4, '高级网站技术', 7, '10:10:00', '11:35:00', 2, 2, '', '2025-2026-2', '[15]', 1, '2026-05-28 15:12:08');
INSERT INTO `schedule` VALUES (487, 10, 4, '高级网站技术', 7, '11:40:00', '12:20:00', 3, 1, '', '2025-2026-2', '[15]', 1, '2026-05-28 15:12:08');
INSERT INTO `schedule` VALUES (488, 11, 4, '高级网站技术', 7, '11:40:00', '12:20:00', 3, 1, '', '2025-2026-2', '[15]', 1, '2026-05-28 15:12:08');
INSERT INTO `schedule` VALUES (489, 12, 4, '高级网站技术', 7, '11:40:00', '12:20:00', 3, 1, '', '2025-2026-2', '[15]', 1, '2026-05-28 15:12:08');
INSERT INTO `schedule` VALUES (490, 13, 4, '高级网站技术', 7, '11:40:00', '12:20:00', 3, 1, '', '2025-2026-2', '[15]', 1, '2026-05-28 15:12:08');
INSERT INTO `schedule` VALUES (719, 14, 5, '多媒体课件设计与开发', 7, '08:30:00', '09:55:00', 1, 2, '', '2025-2026-2', '[15]', 1, '2026-05-30 22:45:10');
INSERT INTO `schedule` VALUES (720, 15, 5, '多媒体课件设计与开发', 7, '08:30:00', '09:55:00', 1, 2, '', '2025-2026-2', '[15]', 1, '2026-05-30 22:45:10');
INSERT INTO `schedule` VALUES (721, 16, 5, '多媒体课件设计与开发', 7, '08:30:00', '09:55:00', 1, 2, '', '2025-2026-2', '[15]', 1, '2026-05-30 22:45:10');
INSERT INTO `schedule` VALUES (722, 17, 5, '多媒体课件设计与开发', 7, '08:30:00', '09:55:00', 1, 2, '', '2025-2026-2', '[15]', 1, '2026-05-30 22:45:10');
INSERT INTO `schedule` VALUES (727, 10, 5, '多媒体课件设计与开发', 7, '14:20:00', '15:45:00', 4, 2, '', '2025-2026-2', '[15]', 1, '2026-05-30 22:58:55');
INSERT INTO `schedule` VALUES (728, 11, 5, '多媒体课件设计与开发', 7, '14:20:00', '15:45:00', 4, 2, '', '2025-2026-2', '[15]', 1, '2026-05-30 22:58:55');
INSERT INTO `schedule` VALUES (729, 12, 5, '多媒体课件设计与开发', 7, '14:20:00', '15:45:00', 4, 2, '', '2025-2026-2', '[15]', 1, '2026-05-30 22:58:55');
INSERT INTO `schedule` VALUES (730, 13, 5, '多媒体课件设计与开发', 7, '14:20:00', '15:45:00', 4, 2, '', '2025-2026-2', '[15]', 1, '2026-05-30 22:58:55');
INSERT INTO `schedule` VALUES (859, 14, 34, '微信小程序设计', 2, '08:20:00', '10:10:00', 1, 2, '地信-B402（机房）', '2025-2026-2', '[1, 2, 3, 4, 5, 6, 7, 8, 9, 10, 11, 12, 13, 14, 15, 16, 17, 18]', 1, '2026-06-01 16:11:22');
INSERT INTO `schedule` VALUES (860, 15, 34, '微信小程序设计', 2, '08:20:00', '10:10:00', 1, 2, '地信-B402（机房）', '2025-2026-2', '[1, 2, 3, 4, 5, 6, 7, 8, 9, 10, 11, 12, 13, 14, 15, 16, 17, 18]', 1, '2026-06-01 16:11:22');
INSERT INTO `schedule` VALUES (861, 16, 34, '微信小程序设计', 2, '08:20:00', '10:10:00', 1, 2, '地信-B402（机房）', '2025-2026-2', '[1, 2, 3, 4, 5, 6, 7, 8, 9, 10, 11, 12, 13, 14, 15, 16, 17, 18]', 1, '2026-06-01 16:11:22');
INSERT INTO `schedule` VALUES (862, 17, 34, '微信小程序设计', 2, '08:20:00', '10:10:00', 1, 2, '地信-B402（机房）', '2025-2026-2', '[1, 2, 3, 4, 5, 6, 7, 8, 9, 10, 11, 12, 13, 14, 15, 16, 17, 18]', 1, '2026-06-01 16:11:22');
INSERT INTO `schedule` VALUES (863, 14, 35, '数据结构与算法基础', 3, '08:20:00', '10:10:00', 1, 2, '地信-B403（机房）', '2025-2026-2', '[1, 2, 3, 4, 5, 6, 7, 8, 9, 10, 11, 12, 13, 14, 15, 16, 17, 18]', 1, '2026-06-01 16:11:22');
INSERT INTO `schedule` VALUES (864, 15, 35, '数据结构与算法基础', 3, '08:20:00', '10:10:00', 1, 2, '地信-B403（机房）', '2025-2026-2', '[1, 2, 3, 4, 5, 6, 7, 8, 9, 10, 11, 12, 13, 14, 15, 16, 17, 18]', 1, '2026-06-01 16:11:22');
INSERT INTO `schedule` VALUES (865, 16, 35, '数据结构与算法基础', 3, '08:20:00', '10:10:00', 1, 2, '地信-B403（机房）', '2025-2026-2', '[1, 2, 3, 4, 5, 6, 7, 8, 9, 10, 11, 12, 13, 14, 15, 16, 17, 18]', 1, '2026-06-01 16:11:22');
INSERT INTO `schedule` VALUES (866, 17, 35, '数据结构与算法基础', 3, '08:20:00', '10:10:00', 1, 2, '地信-B403（机房）', '2025-2026-2', '[1, 2, 3, 4, 5, 6, 7, 8, 9, 10, 11, 12, 13, 14, 15, 16, 17, 18]', 1, '2026-06-01 16:11:22');
INSERT INTO `schedule` VALUES (867, 14, 36, '教师书写技能', 4, '08:20:00', '10:10:00', 1, 2, '武2-108', '2025-2026-2', '[1, 2, 3, 4, 5, 6, 7, 8, 9, 10, 11, 12, 13, 14, 15, 16, 17, 18]', 1, '2026-06-01 16:11:22');
INSERT INTO `schedule` VALUES (868, 15, 36, '教师书写技能', 4, '08:20:00', '10:10:00', 1, 2, '武2-108', '2025-2026-2', '[1, 2, 3, 4, 5, 6, 7, 8, 9, 10, 11, 12, 13, 14, 15, 16, 17, 18]', 1, '2026-06-01 16:11:22');
INSERT INTO `schedule` VALUES (869, 16, 36, '教师书写技能', 4, '08:20:00', '10:10:00', 1, 2, '武2-108', '2025-2026-2', '[1, 2, 3, 4, 5, 6, 7, 8, 9, 10, 11, 12, 13, 14, 15, 16, 17, 18]', 1, '2026-06-01 16:11:22');
INSERT INTO `schedule` VALUES (870, 17, 36, '教师书写技能', 4, '08:20:00', '10:10:00', 1, 2, '武2-108', '2025-2026-2', '[1, 2, 3, 4, 5, 6, 7, 8, 9, 10, 11, 12, 13, 14, 15, 16, 17, 18]', 1, '2026-06-01 16:11:22');
INSERT INTO `schedule` VALUES (871, 14, 37, '微课制作', 5, '08:20:00', '10:10:00', 1, 2, '实验3-301（机房）', '2025-2026-2', '[1, 2, 3, 4, 5, 6, 7, 8, 9, 10, 11, 12, 13, 14, 15, 16, 17, 18]', 1, '2026-06-01 16:11:22');
INSERT INTO `schedule` VALUES (872, 15, 37, '微课制作', 5, '08:20:00', '10:10:00', 1, 2, '实验3-301（机房）', '2025-2026-2', '[1, 2, 3, 4, 5, 6, 7, 8, 9, 10, 11, 12, 13, 14, 15, 16, 17, 18]', 1, '2026-06-01 16:11:22');
INSERT INTO `schedule` VALUES (873, 16, 37, '微课制作', 5, '08:20:00', '10:10:00', 1, 2, '实验3-301（机房）', '2025-2026-2', '[1, 2, 3, 4, 5, 6, 7, 8, 9, 10, 11, 12, 13, 14, 15, 16, 17, 18]', 1, '2026-06-01 16:11:22');
INSERT INTO `schedule` VALUES (874, 17, 37, '微课制作', 5, '08:20:00', '10:10:00', 1, 2, '实验3-301（机房）', '2025-2026-2', '[1, 2, 3, 4, 5, 6, 7, 8, 9, 10, 11, 12, 13, 14, 15, 16, 17, 18]', 1, '2026-06-01 16:11:22');
INSERT INTO `schedule` VALUES (875, 14, 5, '多媒体课件设计与开发', 1, '10:10:00', '14:30:00', 3, 2, '实验3-301（机房）', '2025-2026-2', '[1, 2, 3, 4, 5, 6, 7, 8, 9, 10, 11, 12, 13, 14, 15, 16, 17, 18]', 1, '2026-06-01 16:11:22');
INSERT INTO `schedule` VALUES (876, 15, 5, '多媒体课件设计与开发', 1, '10:10:00', '14:30:00', 3, 2, '实验3-301（机房）', '2025-2026-2', '[1, 2, 3, 4, 5, 6, 7, 8, 9, 10, 11, 12, 13, 14, 15, 16, 17, 18]', 1, '2026-06-01 16:11:22');
INSERT INTO `schedule` VALUES (877, 16, 5, '多媒体课件设计与开发', 1, '10:10:00', '14:30:00', 3, 2, '实验3-301（机房）', '2025-2026-2', '[1, 2, 3, 4, 5, 6, 7, 8, 9, 10, 11, 12, 13, 14, 15, 16, 17, 18]', 1, '2026-06-01 16:11:22');
INSERT INTO `schedule` VALUES (878, 17, 5, '多媒体课件设计与开发', 1, '10:10:00', '14:30:00', 3, 2, '实验3-301（机房）', '2025-2026-2', '[1, 2, 3, 4, 5, 6, 7, 8, 9, 10, 11, 12, 13, 14, 15, 16, 17, 18]', 1, '2026-06-01 16:11:22');
INSERT INTO `schedule` VALUES (879, 14, 34, '微信小程序设计', 2, '10:10:00', '14:30:00', 3, 2, '地信-B402（机房）', '2025-2026-2', '[1, 2, 3, 4, 5, 6, 7, 8, 9, 10, 11, 12, 13, 14, 15, 16, 17, 18]', 1, '2026-06-01 16:11:22');
INSERT INTO `schedule` VALUES (880, 15, 34, '微信小程序设计', 2, '10:10:00', '14:30:00', 3, 2, '地信-B402（机房）', '2025-2026-2', '[1, 2, 3, 4, 5, 6, 7, 8, 9, 10, 11, 12, 13, 14, 15, 16, 17, 18]', 1, '2026-06-01 16:11:22');
INSERT INTO `schedule` VALUES (881, 16, 34, '微信小程序设计', 2, '10:10:00', '14:30:00', 3, 2, '地信-B402（机房）', '2025-2026-2', '[1, 2, 3, 4, 5, 6, 7, 8, 9, 10, 11, 12, 13, 14, 15, 16, 17, 18]', 1, '2026-06-01 16:11:22');
INSERT INTO `schedule` VALUES (882, 17, 34, '微信小程序设计', 2, '10:10:00', '14:30:00', 3, 2, '地信-B402（机房）', '2025-2026-2', '[1, 2, 3, 4, 5, 6, 7, 8, 9, 10, 11, 12, 13, 14, 15, 16, 17, 18]', 1, '2026-06-01 16:11:22');
INSERT INTO `schedule` VALUES (883, 14, 35, '数据结构与算法基础', 3, '10:10:00', '14:30:00', 3, 2, '地信-B403（机房）', '2025-2026-2', '[1, 2, 3, 4, 5, 6, 7, 8, 9, 10, 11, 12, 13, 14, 15, 16, 17, 18]', 1, '2026-06-01 16:11:22');
INSERT INTO `schedule` VALUES (884, 15, 35, '数据结构与算法基础', 3, '10:10:00', '14:30:00', 3, 2, '地信-B403（机房）', '2025-2026-2', '[1, 2, 3, 4, 5, 6, 7, 8, 9, 10, 11, 12, 13, 14, 15, 16, 17, 18]', 1, '2026-06-01 16:11:22');
INSERT INTO `schedule` VALUES (885, 16, 35, '数据结构与算法基础', 3, '10:10:00', '14:30:00', 3, 2, '地信-B403（机房）', '2025-2026-2', '[1, 2, 3, 4, 5, 6, 7, 8, 9, 10, 11, 12, 13, 14, 15, 16, 17, 18]', 1, '2026-06-01 16:11:22');
INSERT INTO `schedule` VALUES (886, 17, 35, '数据结构与算法基础', 3, '10:10:00', '14:30:00', 3, 2, '地信-B403（机房）', '2025-2026-2', '[1, 2, 3, 4, 5, 6, 7, 8, 9, 10, 11, 12, 13, 14, 15, 16, 17, 18]', 1, '2026-06-01 16:11:22');
INSERT INTO `schedule` VALUES (887, 14, 36, '教师书写技能', 4, '10:10:00', '14:30:00', 3, 2, '智慧板书实训室（地信-A103)', '2025-2026-2', '[1, 2, 3, 4, 5, 6, 7, 8, 9, 10, 11, 12, 13, 14, 15, 16, 17, 18]', 1, '2026-06-01 16:11:22');
INSERT INTO `schedule` VALUES (888, 15, 36, '教师书写技能', 4, '10:10:00', '14:30:00', 3, 2, '智慧板书实训室（地信-A103)', '2025-2026-2', '[1, 2, 3, 4, 5, 6, 7, 8, 9, 10, 11, 12, 13, 14, 15, 16, 17, 18]', 1, '2026-06-01 16:11:22');
INSERT INTO `schedule` VALUES (889, 16, 36, '教师书写技能', 4, '10:10:00', '14:30:00', 3, 2, '智慧板书实训室（地信-A103)', '2025-2026-2', '[1, 2, 3, 4, 5, 6, 7, 8, 9, 10, 11, 12, 13, 14, 15, 16, 17, 18]', 1, '2026-06-01 16:11:22');
INSERT INTO `schedule` VALUES (890, 17, 36, '教师书写技能', 4, '10:10:00', '14:30:00', 3, 2, '智慧板书实训室（地信-A103)', '2025-2026-2', '[1, 2, 3, 4, 5, 6, 7, 8, 9, 10, 11, 12, 13, 14, 15, 16, 17, 18]', 1, '2026-06-01 16:11:22');
INSERT INTO `schedule` VALUES (891, 14, 37, '微课制作', 5, '10:10:00', '14:30:00', 3, 2, '实验3-301（机房）', '2025-2026-2', '[1, 2, 3, 4, 5, 6, 7, 8, 9, 10, 11, 12, 13, 14, 15, 16, 17, 18]', 1, '2026-06-01 16:11:22');
INSERT INTO `schedule` VALUES (892, 15, 37, '微课制作', 5, '10:10:00', '14:30:00', 3, 2, '实验3-301（机房）', '2025-2026-2', '[1, 2, 3, 4, 5, 6, 7, 8, 9, 10, 11, 12, 13, 14, 15, 16, 17, 18]', 1, '2026-06-01 16:11:22');
INSERT INTO `schedule` VALUES (893, 16, 37, '微课制作', 5, '10:10:00', '14:30:00', 3, 2, '实验3-301（机房）', '2025-2026-2', '[1, 2, 3, 4, 5, 6, 7, 8, 9, 10, 11, 12, 13, 14, 15, 16, 17, 18]', 1, '2026-06-01 16:11:22');
INSERT INTO `schedule` VALUES (894, 17, 37, '微课制作', 5, '10:10:00', '14:30:00', 3, 2, '实验3-301（机房）', '2025-2026-2', '[1, 2, 3, 4, 5, 6, 7, 8, 9, 10, 11, 12, 13, 14, 15, 16, 17, 18]', 1, '2026-06-01 16:11:22');
INSERT INTO `schedule` VALUES (895, 14, 38, 'Python程序设计', 1, '15:20:00', '16:20:00', 6, 2, '武1-316（机房）', '2025-2026-2', '[1, 2, 3, 4, 5, 6, 7, 8, 9, 10, 11, 12, 13, 14, 15, 16, 17, 18]', 1, '2026-06-01 16:11:22');
INSERT INTO `schedule` VALUES (896, 15, 38, 'Python程序设计', 1, '15:20:00', '16:20:00', 6, 2, '武1-316（机房）', '2025-2026-2', '[1, 2, 3, 4, 5, 6, 7, 8, 9, 10, 11, 12, 13, 14, 15, 16, 17, 18]', 1, '2026-06-01 16:11:22');
INSERT INTO `schedule` VALUES (897, 16, 38, 'Python程序设计', 1, '15:20:00', '16:20:00', 6, 2, '武1-316（机房）', '2025-2026-2', '[1, 2, 3, 4, 5, 6, 7, 8, 9, 10, 11, 12, 13, 14, 15, 16, 17, 18]', 1, '2026-06-01 16:11:22');
INSERT INTO `schedule` VALUES (898, 17, 38, 'Python程序设计', 1, '15:20:00', '16:20:00', 6, 2, '武1-316（机房）', '2025-2026-2', '[1, 2, 3, 4, 5, 6, 7, 8, 9, 10, 11, 12, 13, 14, 15, 16, 17, 18]', 1, '2026-06-01 16:11:22');
INSERT INTO `schedule` VALUES (899, 14, 39, '教师口语', 2, '15:20:00', '16:20:00', 6, 2, '武1-114', '2025-2026-2', '[1, 2, 3, 4, 5, 6, 7, 8, 9, 10, 11, 12, 13, 14, 15, 16, 17, 18]', 1, '2026-06-01 16:11:22');
INSERT INTO `schedule` VALUES (900, 15, 39, '教师口语', 2, '15:20:00', '16:20:00', 6, 2, '武1-114', '2025-2026-2', '[1, 2, 3, 4, 5, 6, 7, 8, 9, 10, 11, 12, 13, 14, 15, 16, 17, 18]', 1, '2026-06-01 16:11:22');
INSERT INTO `schedule` VALUES (901, 16, 39, '教师口语', 2, '15:20:00', '16:20:00', 6, 2, '武1-114', '2025-2026-2', '[1, 2, 3, 4, 5, 6, 7, 8, 9, 10, 11, 12, 13, 14, 15, 16, 17, 18]', 1, '2026-06-01 16:11:22');
INSERT INTO `schedule` VALUES (902, 17, 39, '教师口语', 2, '15:20:00', '16:20:00', 6, 2, '武1-114', '2025-2026-2', '[1, 2, 3, 4, 5, 6, 7, 8, 9, 10, 11, 12, 13, 14, 15, 16, 17, 18]', 1, '2026-06-01 16:11:22');
INSERT INTO `schedule` VALUES (903, 14, 40, '中国近现代史纲要', 3, '15:20:00', '16:20:00', 6, 2, '实验2-A402', '2025-2026-2', '[1, 2, 3, 4, 5, 6, 7, 8, 9, 10, 11, 12, 13, 14, 15, 16, 17, 18]', 1, '2026-06-01 16:11:22');
INSERT INTO `schedule` VALUES (904, 15, 40, '中国近现代史纲要', 3, '15:20:00', '16:20:00', 6, 2, '实验2-A402', '2025-2026-2', '[1, 2, 3, 4, 5, 6, 7, 8, 9, 10, 11, 12, 13, 14, 15, 16, 17, 18]', 1, '2026-06-01 16:11:22');
INSERT INTO `schedule` VALUES (905, 16, 40, '中国近现代史纲要', 3, '15:20:00', '16:20:00', 6, 2, '实验2-A402', '2025-2026-2', '[1, 2, 3, 4, 5, 6, 7, 8, 9, 10, 11, 12, 13, 14, 15, 16, 17, 18]', 1, '2026-06-01 16:11:22');
INSERT INTO `schedule` VALUES (906, 17, 40, '中国近现代史纲要', 3, '15:20:00', '16:20:00', 6, 2, '实验2-A402', '2025-2026-2', '[1, 2, 3, 4, 5, 6, 7, 8, 9, 10, 11, 12, 13, 14, 15, 16, 17, 18]', 1, '2026-06-01 16:11:22');
INSERT INTO `schedule` VALUES (907, 14, 41, '教师资格考试实务', 4, '15:20:00', '16:20:00', 6, 2, '武1-214', '2025-2026-2', '[1, 2, 3, 4, 5, 6, 7, 8, 9, 10, 11, 12, 13, 14, 15, 16, 17, 18]', 1, '2026-06-01 16:11:22');
INSERT INTO `schedule` VALUES (908, 15, 41, '教师资格考试实务', 4, '15:20:00', '16:20:00', 6, 2, '武1-214', '2025-2026-2', '[1, 2, 3, 4, 5, 6, 7, 8, 9, 10, 11, 12, 13, 14, 15, 16, 17, 18]', 1, '2026-06-01 16:11:22');
INSERT INTO `schedule` VALUES (909, 16, 41, '教师资格考试实务', 4, '15:20:00', '16:20:00', 6, 2, '武1-214', '2025-2026-2', '[1, 2, 3, 4, 5, 6, 7, 8, 9, 10, 11, 12, 13, 14, 15, 16, 17, 18]', 1, '2026-06-01 16:11:22');
INSERT INTO `schedule` VALUES (910, 17, 41, '教师资格考试实务', 4, '15:20:00', '16:20:00', 6, 2, '武1-214', '2025-2026-2', '[1, 2, 3, 4, 5, 6, 7, 8, 9, 10, 11, 12, 13, 14, 15, 16, 17, 18]', 1, '2026-06-01 16:11:22');
INSERT INTO `schedule` VALUES (911, 14, 42, '高级网站技术', 5, '15:20:00', '16:20:00', 6, 2, '地信-B301（机房）', '2025-2026-2', '[1, 2, 3, 4, 5, 6, 7, 8, 9, 10, 11, 12, 13, 14, 15, 16, 17, 18]', 1, '2026-06-01 16:11:22');
INSERT INTO `schedule` VALUES (912, 15, 42, '高级网站技术', 5, '15:20:00', '16:20:00', 6, 2, '地信-B301（机房）', '2025-2026-2', '[1, 2, 3, 4, 5, 6, 7, 8, 9, 10, 11, 12, 13, 14, 15, 16, 17, 18]', 1, '2026-06-01 16:11:22');
INSERT INTO `schedule` VALUES (913, 16, 42, '高级网站技术', 5, '15:20:00', '16:20:00', 6, 2, '地信-B301（机房）', '2025-2026-2', '[1, 2, 3, 4, 5, 6, 7, 8, 9, 10, 11, 12, 13, 14, 15, 16, 17, 18]', 1, '2026-06-01 16:11:22');
INSERT INTO `schedule` VALUES (914, 17, 42, '高级网站技术', 5, '15:20:00', '16:20:00', 6, 2, '地信-B301（机房）', '2025-2026-2', '[1, 2, 3, 4, 5, 6, 7, 8, 9, 10, 11, 12, 13, 14, 15, 16, 17, 18]', 1, '2026-06-01 16:11:22');
INSERT INTO `schedule` VALUES (915, 14, 38, 'Python程序设计', 1, '16:20:00', '19:00:00', 8, 2, '武1-316（机房）', '2025-2026-2', '[1, 2, 3, 4, 5, 6, 7, 8, 9, 10, 11, 12, 13, 14, 15, 16, 17, 18]', 1, '2026-06-01 16:11:22');
INSERT INTO `schedule` VALUES (916, 15, 38, 'Python程序设计', 1, '16:20:00', '19:00:00', 8, 2, '武1-316（机房）', '2025-2026-2', '[1, 2, 3, 4, 5, 6, 7, 8, 9, 10, 11, 12, 13, 14, 15, 16, 17, 18]', 1, '2026-06-01 16:11:22');
INSERT INTO `schedule` VALUES (917, 16, 38, 'Python程序设计', 1, '16:20:00', '19:00:00', 8, 2, '武1-316（机房）', '2025-2026-2', '[1, 2, 3, 4, 5, 6, 7, 8, 9, 10, 11, 12, 13, 14, 15, 16, 17, 18]', 1, '2026-06-01 16:11:22');
INSERT INTO `schedule` VALUES (918, 17, 38, 'Python程序设计', 1, '16:20:00', '19:00:00', 8, 2, '武1-316（机房）', '2025-2026-2', '[1, 2, 3, 4, 5, 6, 7, 8, 9, 10, 11, 12, 13, 14, 15, 16, 17, 18]', 1, '2026-06-01 16:11:22');
INSERT INTO `schedule` VALUES (919, 14, 42, '高级网站技术', 5, '16:20:00', '19:00:00', 8, 2, '地信-B301（机房）', '2025-2026-2', '[1, 2, 3, 4, 5, 6, 7, 8, 9, 10, 11, 12, 13, 14, 15, 16, 17, 18]', 1, '2026-06-01 16:11:22');
INSERT INTO `schedule` VALUES (920, 15, 42, '高级网站技术', 5, '16:20:00', '19:00:00', 8, 2, '地信-B301（机房）', '2025-2026-2', '[1, 2, 3, 4, 5, 6, 7, 8, 9, 10, 11, 12, 13, 14, 15, 16, 17, 18]', 1, '2026-06-01 16:11:22');
INSERT INTO `schedule` VALUES (921, 16, 42, '高级网站技术', 5, '16:20:00', '19:00:00', 8, 2, '地信-B301（机房）', '2025-2026-2', '[1, 2, 3, 4, 5, 6, 7, 8, 9, 10, 11, 12, 13, 14, 15, 16, 17, 18]', 1, '2026-06-01 16:11:22');
INSERT INTO `schedule` VALUES (922, 17, 42, '高级网站技术', 5, '16:20:00', '19:00:00', 8, 2, '地信-B301（机房）', '2025-2026-2', '[1, 2, 3, 4, 5, 6, 7, 8, 9, 10, 11, 12, 13, 14, 15, 16, 17, 18]', 1, '2026-06-01 16:11:22');

-- ----------------------------
-- Table structure for student_status
-- ----------------------------
DROP TABLE IF EXISTS `student_status`;
CREATE TABLE `student_status`  (
  `user_id` bigint NOT NULL,
  `status` varchar(20) CHARACTER SET utf8mb4 COLLATE utf8mb4_unicode_ci NULL DEFAULT 'idle' COMMENT 'focusing/idle',
  `last_active` datetime NULL DEFAULT CURRENT_TIMESTAMP,
  PRIMARY KEY (`user_id`) USING BTREE,
  CONSTRAINT `student_status_ibfk_1` FOREIGN KEY (`user_id`) REFERENCES `user` (`id`) ON DELETE CASCADE ON UPDATE RESTRICT
) ENGINE = InnoDB CHARACTER SET = utf8mb4 COLLATE = utf8mb4_unicode_ci ROW_FORMAT = Dynamic;

-- ----------------------------
-- Records of student_status
-- ----------------------------
INSERT INTO `student_status` VALUES (10, 'focusing', '2026-05-31 14:34:31');
INSERT INTO `student_status` VALUES (12, 'idle', '2026-05-25 17:21:00');
INSERT INTO `student_status` VALUES (13, 'idle', '2026-05-25 17:04:24');
INSERT INTO `student_status` VALUES (14, 'focusing', '2026-06-01 00:31:19');
INSERT INTO `student_status` VALUES (16, 'idle', '2026-05-25 16:24:28');

-- ----------------------------
-- Table structure for teacher
-- ----------------------------
DROP TABLE IF EXISTS `teacher`;
CREATE TABLE `teacher`  (
  `id` bigint NOT NULL AUTO_INCREMENT,
  `teacher_no` varchar(50) CHARACTER SET utf8mb4 COLLATE utf8mb4_unicode_ci NOT NULL COMMENT '教工号',
  `real_name` varchar(50) CHARACTER SET utf8mb4 COLLATE utf8mb4_unicode_ci NOT NULL,
  `gender` tinyint NULL DEFAULT NULL COMMENT '0女 1男',
  `title` varchar(30) CHARACTER SET utf8mb4 COLLATE utf8mb4_unicode_ci NULL DEFAULT NULL COMMENT '职称 教授/副教授/讲师/助教',
  `dept_id` bigint NULL DEFAULT NULL COMMENT '所属院系',
  `email` varchar(100) CHARACTER SET utf8mb4 COLLATE utf8mb4_unicode_ci NULL DEFAULT NULL,
  `phone` varchar(20) CHARACTER SET utf8mb4 COLLATE utf8mb4_unicode_ci NULL DEFAULT NULL,
  `avatar_url` varchar(500) CHARACTER SET utf8mb4 COLLATE utf8mb4_unicode_ci NULL DEFAULT NULL COMMENT '头像OSS地址',
  `research_direction` varchar(200) CHARACTER SET utf8mb4 COLLATE utf8mb4_unicode_ci NULL DEFAULT NULL COMMENT '研究方向',
  `introduction` text CHARACTER SET utf8mb4 COLLATE utf8mb4_unicode_ci NULL COMMENT '教师简介',
  `status` tinyint NULL DEFAULT 1 COMMENT '0离职 1在职',
  `created_at` datetime NULL DEFAULT CURRENT_TIMESTAMP,
  `updated_at` datetime NULL DEFAULT CURRENT_TIMESTAMP ON UPDATE CURRENT_TIMESTAMP,
  PRIMARY KEY (`id`) USING BTREE,
  UNIQUE INDEX `teacher_no`(`teacher_no` ASC) USING BTREE,
  INDEX `idx_teacher_dept`(`dept_id` ASC) USING BTREE,
  INDEX `idx_teacher_name`(`real_name` ASC) USING BTREE,
  CONSTRAINT `teacher_ibfk_1` FOREIGN KEY (`dept_id`) REFERENCES `department` (`id`) ON DELETE SET NULL ON UPDATE RESTRICT
) ENGINE = InnoDB AUTO_INCREMENT = 9 CHARACTER SET = utf8mb4 COLLATE = utf8mb4_unicode_ci COMMENT = '教师表' ROW_FORMAT = Dynamic;

-- ----------------------------
-- Records of teacher
-- ----------------------------
INSERT INTO `teacher` VALUES (1, 'T2023001', '张明远', NULL, '副教授', 1, 'zhangmy@univ.edu.cn', NULL, NULL, NULL, NULL, 1, '2026-05-24 21:00:49', '2026-05-24 21:00:49');
INSERT INTO `teacher` VALUES (2, 'T2023002', '李伟强', NULL, '讲师', 1, 'liwq@univ.edu.cn', NULL, NULL, NULL, NULL, 1, '2026-05-24 21:00:49', '2026-05-24 21:00:49');
INSERT INTO `teacher` VALUES (3, 'T2023003', '王丽华', NULL, '教授', 1, 'wanglh@univ.edu.cn', NULL, NULL, NULL, NULL, 1, '2026-05-24 21:00:49', '2026-05-24 21:00:49');
INSERT INTO `teacher` VALUES (4, 'T2023004', '陈建峰', NULL, '讲师', 1, 'chenjf@univ.edu.cn', NULL, NULL, NULL, NULL, 1, '2026-05-24 21:00:49', '2026-05-24 21:00:49');
INSERT INTO `teacher` VALUES (5, 'T2023005', '吴志远', NULL, '副教授', 1, 'wuzy@univ.edu.cn', NULL, NULL, NULL, NULL, 1, '2026-05-24 21:00:49', '2026-05-24 21:00:49');
INSERT INTO `teacher` VALUES (6, 'T2023006', '冯海涛', NULL, '讲师', 1, 'fengh@univ.edu.cn', NULL, NULL, NULL, NULL, 1, '2026-05-24 21:00:49', '2026-05-24 21:00:49');
INSERT INTO `teacher` VALUES (7, 'T2023007', '郑国栋', NULL, '讲师', 3, 'zhenggd@univ.edu.cn', NULL, NULL, NULL, NULL, 1, '2026-05-24 21:00:49', '2026-05-24 21:00:49');
INSERT INTO `teacher` VALUES (8, 'T2023008', '赵雅文', NULL, '副教授', 2, 'zhaoyw@univ.edu.cn', NULL, NULL, NULL, NULL, 1, '2026-05-24 21:00:49', '2026-05-24 21:00:49');

-- ----------------------------
-- Table structure for user
-- ----------------------------
DROP TABLE IF EXISTS `user`;
CREATE TABLE `user`  (
  `id` bigint NOT NULL AUTO_INCREMENT,
  `student_no` varchar(50) CHARACTER SET utf8mb4 COLLATE utf8mb4_unicode_ci NULL DEFAULT NULL COMMENT '学号',
  `username` varchar(50) CHARACTER SET utf8mb4 COLLATE utf8mb4_unicode_ci NOT NULL,
  `password_hash` varchar(255) CHARACTER SET utf8mb4 COLLATE utf8mb4_unicode_ci NOT NULL,
  `real_name` varchar(50) CHARACTER SET utf8mb4 COLLATE utf8mb4_unicode_ci NOT NULL,
  `avatar_url` varchar(500) CHARACTER SET utf8mb4 COLLATE utf8mb4_unicode_ci NULL DEFAULT NULL COMMENT '头像OSS地址',
  `email` varchar(100) CHARACTER SET utf8mb4 COLLATE utf8mb4_unicode_ci NULL DEFAULT NULL,
  `phone` varchar(20) CHARACTER SET utf8mb4 COLLATE utf8mb4_unicode_ci NULL DEFAULT NULL,
  `role` tinyint NOT NULL DEFAULT 1 COMMENT '1学生 2教师 3管理员',
  `class_id` bigint NULL DEFAULT NULL COMMENT '班级ID',
  `major` varchar(100) CHARACTER SET utf8mb4 COLLATE utf8mb4_unicode_ci NULL DEFAULT NULL COMMENT '专业',
  `grade` varchar(20) CHARACTER SET utf8mb4 COLLATE utf8mb4_unicode_ci NULL DEFAULT NULL COMMENT '年级',
  `status` tinyint NULL DEFAULT 1 COMMENT '0禁用 1正常',
  `created_at` datetime NULL DEFAULT CURRENT_TIMESTAMP,
  `last_login` datetime NULL DEFAULT NULL,
  `current_token` varchar(500) CHARACTER SET utf8mb4 COLLATE utf8mb4_unicode_ci NULL DEFAULT NULL COMMENT '当前JWT令牌，单设备登录',
  PRIMARY KEY (`id`) USING BTREE,
  UNIQUE INDEX `username`(`username` ASC) USING BTREE,
  UNIQUE INDEX `student_no`(`student_no` ASC) USING BTREE,
  INDEX `idx_user_class`(`class_id` ASC) USING BTREE,
  INDEX `idx_user_status`(`status` ASC) USING BTREE,
  CONSTRAINT `user_ibfk_1` FOREIGN KEY (`class_id`) REFERENCES `class_info` (`id`) ON DELETE SET NULL ON UPDATE RESTRICT
) ENGINE = InnoDB AUTO_INCREMENT = 43 CHARACTER SET = utf8mb4 COLLATE = utf8mb4_unicode_ci COMMENT = '用户表' ROW_FORMAT = Dynamic;

-- ----------------------------
-- Records of user
-- ----------------------------
INSERT INTO `user` VALUES (1, NULL, 'admin', '$2a$10$rvZS5UeASnVqg3q2I0rBn.PPuuDLE7dIWKeS9y66zUx/2.mYTCpnK', '系统管理员', NULL, 'admin@univ.edu.cn', NULL, 3, NULL, NULL, NULL, 1, '2026-05-24 21:00:49', NULL, NULL);
INSERT INTO `user` VALUES (2, NULL, 'zhangmy', '$2a$10$SNK3QLbEp6USeEABw2o66uW4IqotDyYJkECWPqooCPVsB.vqJRqFW', '张明远', NULL, 'zhangmy@univ.edu.cn', NULL, 2, NULL, NULL, NULL, 1, '2026-05-24 21:00:49', '2026-06-01 14:03:19', 'eyJhbGciOiJIUzUxMiJ9.eyJzdWIiOiIyIiwidXNlcm5hbWUiOiJ6aGFuZ215Iiwicm9sZSI6MiwiaWF0IjoxNzgwMjkzNzk4LCJleHAiOjE3ODAzODAxOTh9.M3SL2oZ0VDYcKS7XANHoXrz5Bf5HWuhqThFRgCiOoPK6KlD8VTpJx5z2_kYEtCFfO8S9xENGyKZtkA11Wlv6bA');
INSERT INTO `user` VALUES (3, NULL, 'liwq', '$2a$10$ZaGnuM/lDsPeSdNqI.6JhOgHrZSJX.FZzmAxw35MlD6xmu7/a85kG', '李伟强', NULL, 'liwq@univ.edu.cn', NULL, 2, NULL, NULL, NULL, 1, '2026-05-24 21:00:49', NULL, NULL);
INSERT INTO `user` VALUES (4, NULL, 'wanglh', '$2a$10$/uHNv.zhtzMRNS4ufrBLB.WbJou8k.pZU/X0Ftam0qup9/TFBllLy', '王丽华', NULL, 'wanglh@univ.edu.cn', NULL, 2, NULL, NULL, NULL, 1, '2026-05-24 21:00:49', NULL, NULL);
INSERT INTO `user` VALUES (5, NULL, 'chenjf', '$2a$10$X4dA.oFZpflsNTSGERYyDedHe/vQdBOclbicoNTwvEDrfzOhoeYYu', '陈建峰', NULL, 'chenjf@univ.edu.cn', NULL, 2, NULL, NULL, NULL, 1, '2026-05-24 21:00:49', NULL, NULL);
INSERT INTO `user` VALUES (6, NULL, 'wuzy', '$2a$10$vF1NmxHMnu7rTRFUrELAZux8GyajrcxxxsUt15JDjv0yhX3mKtT42', '吴志远', NULL, 'wuzy@univ.edu.cn', NULL, 2, NULL, NULL, NULL, 1, '2026-05-24 21:00:49', '2026-05-28 15:13:25', NULL);
INSERT INTO `user` VALUES (7, NULL, 'fengh', '$2a$10$2rFaFmSpuDBd0wbQqUVNt.UHClIkxeIYjYf9Qo.ep6.sbA7R5cCTK', '冯海涛', NULL, 'fengh@univ.edu.cn', NULL, 2, NULL, NULL, NULL, 1, '2026-05-24 21:00:49', NULL, NULL);
INSERT INTO `user` VALUES (8, NULL, 'zhenggd', '$2a$10$nbX5amshgqvuy8P8ZnUw3ukjCLfNcvuiSHil89jreFuhHB1qKWzfK', '郑国栋', NULL, 'zhenggd@univ.edu.cn', NULL, 2, NULL, NULL, NULL, 1, '2026-05-24 21:00:49', NULL, NULL);
INSERT INTO `user` VALUES (9, NULL, 'zhaoyw', '$2a$10$xZjneEz4wx12SX5ana6HpOz0LKUb.loJFK2iOdkSe8o/aqv/LZGku', '赵雅文', NULL, 'zhaoyw@univ.edu.cn', NULL, 2, NULL, NULL, NULL, 1, '2026-05-24 21:00:49', NULL, NULL);
INSERT INTO `user` VALUES (10, '20240101001', 'student1', '$2a$10$jHN9lXZ2mzBt4IP4zzA5X.H2YOFAyt/xTWKM0SzDlRDR4MQBuR5z6', '张明', NULL, NULL, NULL, 1, 1, '计算机科学与技术', '2023', 1, '2026-05-24 21:00:49', '2026-05-30 23:50:58', 'eyJhbGciOiJIUzUxMiJ9.eyJzdWIiOiIxMCIsInVzZXJuYW1lIjoic3R1ZGVudDEiLCJyb2xlIjoxLCJpYXQiOjE3ODAxNTYyNTgsImV4cCI6MTc4MDI0MjY1OH0.BK9xlFxJ8aL1CUroeLpE1QuJFzEcUzXh9fFzPoGaVO7jqi0kK2s_hpf2oR2xASjx53n5bR8CcLcerTWnaynrMA');
INSERT INTO `user` VALUES (11, '20240101002', 'student2', '$2a$10$CcJgYGwyKoSO2b.Fg9/hxuNGd/Br21lNdYSwkTSZvCa8iF14LJDBW', '李婷', NULL, NULL, NULL, 1, 1, '计算机科学与技术', '2023', 1, '2026-05-24 21:00:49', '2026-05-30 23:48:30', NULL);
INSERT INTO `user` VALUES (12, '20240101003', 'student3', '$2a$10$cx5ZJAKU.ol3IPupUF7yneKd58b4cTdjyHkI0xlOnefKO4qzMsj86', '王浩', NULL, NULL, NULL, 1, 1, '计算机科学与技术', '2023', 1, '2026-05-24 21:00:49', '2026-05-25 17:09:37', NULL);
INSERT INTO `user` VALUES (13, '20240101004', 'student4', '$2a$10$x3JQKk2dS6f7jlJrQJGma.lQA.DwpZko1SyzVfFlFwn.sAv5PgThq', '陈雪', NULL, NULL, NULL, 1, 1, '计算机科学与技术', '2023', 1, '2026-05-24 21:00:49', '2026-05-25 17:02:23', NULL);
INSERT INTO `user` VALUES (14, '20250102001', 'student5', '$2a$10$3mm3KeXTx94FdhvuWrGsxuSL3bOrkIBkqIRq4T4FYKROfk9qrrdGK', '刘晓雨', NULL, NULL, NULL, 1, 2, '教育技术学', '2023', 1, '2026-05-24 21:00:49', '2026-05-31 14:37:28', 'eyJhbGciOiJIUzUxMiJ9.eyJzdWIiOiIxNCIsInVzZXJuYW1lIjoic3R1ZGVudDUiLCJyb2xlIjoxLCJpYXQiOjE3ODAyMDk0NDcsImV4cCI6MTc4MDI5NTg0N30.0F9JkJ5jjP9y0yD-o60Lm9WsETVBIJcCq4pHROZmh3H8BjOJ7UBVW7NVLfaXWYAk42ZEXG7LwaMGR1j6HnR37g');
INSERT INTO `user` VALUES (15, '20250102002', 'student6', '$2a$10$IVTbatKCLTt4iwgj.H49muDdPtI96IQm1kA87TqTIVRE3KgvHvBfe', '赵海龙', NULL, NULL, NULL, 1, 2, '教育技术学', '2023', 1, '2026-05-24 21:00:49', '2026-05-27 21:49:54', NULL);
INSERT INTO `user` VALUES (16, '20250102003', 'student7', '$2a$10$zSJqdTeo925Ax8om7u1Bl.1EyEbugiyBLYu5FEKlYp1a25qJIOYK6', '孙悦然', NULL, NULL, NULL, 1, 2, '教育技术学', '2023', 1, '2026-05-24 21:00:49', '2026-05-25 16:24:04', NULL);
INSERT INTO `user` VALUES (17, '20250102004', 'student8', '$2a$10$1h3KYd25wsBMHCJofbga2erdIwDkJWYIZsMpI0iQt2A1UuWxxn4CS', '周明达', NULL, NULL, NULL, 1, 2, '教育技术学', '2023', 1, '2026-05-24 21:00:49', NULL, NULL);
INSERT INTO `user` VALUES (18, '2515100101', '2515100101', '$2a$10$oUhXGYV.nzO1RfASDAxHnOsOkF6geSkm5wrUM4gGqxduvCTMCoR7W', '李丽萍', NULL, NULL, NULL, 1, NULL, '计算机科学与技术', '2023', 1, '2026-06-01 15:26:30', NULL, NULL);
INSERT INTO `user` VALUES (19, '2515100103', '2515100103', '$2a$10$oUhXGYV.nzO1RfASDAxHnOsOkF6geSkm5wrUM4gGqxduvCTMCoR7W', '黄锦清', NULL, NULL, NULL, 1, NULL, '计算机科学与技术', '2023', 1, '2026-06-01 15:26:30', NULL, NULL);
INSERT INTO `user` VALUES (20, '2515100104', '2515100104', '$2a$10$oUhXGYV.nzO1RfASDAxHnOsOkF6geSkm5wrUM4gGqxduvCTMCoR7W', '肖添', NULL, NULL, NULL, 1, NULL, '计算机科学与技术', '2023', 1, '2026-06-01 15:26:30', NULL, NULL);
INSERT INTO `user` VALUES (21, '2515100105', '2515100105', '$2a$10$oUhXGYV.nzO1RfASDAxHnOsOkF6geSkm5wrUM4gGqxduvCTMCoR7W', '王奕苏', NULL, NULL, NULL, 1, NULL, '计算机科学与技术', '2023', 1, '2026-06-01 15:26:30', NULL, NULL);
INSERT INTO `user` VALUES (22, '2515100106', '2515100106', '$2a$10$oUhXGYV.nzO1RfASDAxHnOsOkF6geSkm5wrUM4gGqxduvCTMCoR7W', '庞彩霞', NULL, NULL, NULL, 1, NULL, '计算机科学与技术', '2023', 1, '2026-06-01 15:26:30', NULL, NULL);
INSERT INTO `user` VALUES (23, '2515100107', '2515100107', '$2a$10$oUhXGYV.nzO1RfASDAxHnOsOkF6geSkm5wrUM4gGqxduvCTMCoR7W', '蒙婉丽', NULL, NULL, NULL, 1, NULL, '计算机科学与技术', '2023', 1, '2026-06-01 15:26:30', NULL, NULL);
INSERT INTO `user` VALUES (24, '2515100108', '2515100108', '$2a$10$oUhXGYV.nzO1RfASDAxHnOsOkF6geSkm5wrUM4gGqxduvCTMCoR7W', '吴海玲', NULL, NULL, NULL, 1, NULL, '计算机科学与技术', '2023', 1, '2026-06-01 15:26:30', NULL, NULL);
INSERT INTO `user` VALUES (25, '2515100109', '2515100109', '$2a$10$oUhXGYV.nzO1RfASDAxHnOsOkF6geSkm5wrUM4gGqxduvCTMCoR7W', '宁德华', NULL, NULL, NULL, 1, NULL, '计算机科学与技术', '2023', 1, '2026-06-01 15:26:30', NULL, NULL);
INSERT INTO `user` VALUES (26, '2515100110', '2515100110', '$2a$10$oUhXGYV.nzO1RfASDAxHnOsOkF6geSkm5wrUM4gGqxduvCTMCoR7W', '黄坤芳', NULL, NULL, NULL, 1, NULL, '计算机科学与技术', '2023', 1, '2026-06-01 15:26:30', NULL, NULL);
INSERT INTO `user` VALUES (27, '2515100111', '2515100111', '$2a$10$oUhXGYV.nzO1RfASDAxHnOsOkF6geSkm5wrUM4gGqxduvCTMCoR7W', '吴欣容', NULL, NULL, NULL, 1, NULL, '计算机科学与技术', '2023', 1, '2026-06-01 15:26:30', NULL, NULL);
INSERT INTO `user` VALUES (28, '2515100112', '2515100112', '$2a$10$oUhXGYV.nzO1RfASDAxHnOsOkF6geSkm5wrUM4gGqxduvCTMCoR7W', '李季隆', NULL, NULL, NULL, 1, NULL, '计算机科学与技术', '2023', 1, '2026-06-01 15:26:30', NULL, NULL);
INSERT INTO `user` VALUES (29, '2515100113', '2515100113', '$2a$10$oUhXGYV.nzO1RfASDAxHnOsOkF6geSkm5wrUM4gGqxduvCTMCoR7W', '赵健宇', NULL, NULL, NULL, 1, NULL, '计算机科学与技术', '2023', 1, '2026-06-01 15:26:30', NULL, NULL);
INSERT INTO `user` VALUES (30, '2515100114', '2515100114', '$2a$10$oUhXGYV.nzO1RfASDAxHnOsOkF6geSkm5wrUM4gGqxduvCTMCoR7W', '陆振国', NULL, NULL, NULL, 1, NULL, '计算机科学与技术', '2023', 1, '2026-06-01 15:26:30', NULL, NULL);
INSERT INTO `user` VALUES (31, '2515100115', '2515100115', '$2a$10$oUhXGYV.nzO1RfASDAxHnOsOkF6geSkm5wrUM4gGqxduvCTMCoR7W', '杨舒岚', NULL, NULL, NULL, 1, NULL, '计算机科学与技术', '2023', 1, '2026-06-01 15:26:30', NULL, NULL);
INSERT INTO `user` VALUES (32, '2515100116', '2515100116', '$2a$10$oUhXGYV.nzO1RfASDAxHnOsOkF6geSkm5wrUM4gGqxduvCTMCoR7W', '侯新焯', NULL, NULL, NULL, 1, NULL, '计算机科学与技术', '2023', 1, '2026-06-01 15:26:30', NULL, NULL);
INSERT INTO `user` VALUES (33, '2515100117', '2515100117', '$2a$10$oUhXGYV.nzO1RfASDAxHnOsOkF6geSkm5wrUM4gGqxduvCTMCoR7W', '李秀芳', NULL, NULL, NULL, 1, NULL, '计算机科学与技术', '2023', 1, '2026-06-01 15:26:30', NULL, NULL);
INSERT INTO `user` VALUES (34, '2515100118', '2515100118', '$2a$10$oUhXGYV.nzO1RfASDAxHnOsOkF6geSkm5wrUM4gGqxduvCTMCoR7W', '杨文娟', NULL, NULL, NULL, 1, NULL, '计算机科学与技术', '2023', 1, '2026-06-01 15:26:30', NULL, NULL);
INSERT INTO `user` VALUES (35, '2515100119', '2515100119', '$2a$10$oUhXGYV.nzO1RfASDAxHnOsOkF6geSkm5wrUM4gGqxduvCTMCoR7W', '任志豪', NULL, NULL, NULL, 1, NULL, '计算机科学与技术', '2023', 1, '2026-06-01 15:26:30', NULL, NULL);
INSERT INTO `user` VALUES (36, '2515100120', '2515100120', '$2a$10$oUhXGYV.nzO1RfASDAxHnOsOkF6geSkm5wrUM4gGqxduvCTMCoR7W', '黄朕', NULL, NULL, NULL, 1, NULL, '计算机科学与技术', '2023', 1, '2026-06-01 15:26:30', NULL, NULL);
INSERT INTO `user` VALUES (37, '2515100121', '2515100121', '$2a$10$oUhXGYV.nzO1RfASDAxHnOsOkF6geSkm5wrUM4gGqxduvCTMCoR7W', '林丽萍', NULL, NULL, NULL, 1, NULL, '计算机科学与技术', '2023', 1, '2026-06-01 15:26:30', NULL, NULL);
INSERT INTO `user` VALUES (38, '2515100122', '2515100122', '$2a$10$oUhXGYV.nzO1RfASDAxHnOsOkF6geSkm5wrUM4gGqxduvCTMCoR7W', '朱宇聪', NULL, NULL, NULL, 1, NULL, '计算机科学与技术', '2023', 1, '2026-06-01 15:26:30', NULL, NULL);
INSERT INTO `user` VALUES (39, '2515100123', '2515100123', '$2a$10$oUhXGYV.nzO1RfASDAxHnOsOkF6geSkm5wrUM4gGqxduvCTMCoR7W', '杨术清', NULL, NULL, NULL, 1, NULL, '计算机科学与技术', '2023', 1, '2026-06-01 15:26:30', NULL, NULL);
INSERT INTO `user` VALUES (40, '2515100124', '2515100124', '$2a$10$oUhXGYV.nzO1RfASDAxHnOsOkF6geSkm5wrUM4gGqxduvCTMCoR7W', '黄莹莹', NULL, NULL, NULL, 1, NULL, '计算机科学与技术', '2023', 1, '2026-06-01 15:26:30', NULL, NULL);
INSERT INTO `user` VALUES (41, '2515100125', '2515100125', '$2a$10$oUhXGYV.nzO1RfASDAxHnOsOkF6geSkm5wrUM4gGqxduvCTMCoR7W', '罗帅', NULL, NULL, NULL, 1, NULL, '计算机科学与技术', '2023', 1, '2026-06-01 15:26:30', NULL, NULL);
INSERT INTO `user` VALUES (42, '2415100348', '2415100348', '$2a$10$oUhXGYV.nzO1RfASDAxHnOsOkF6geSkm5wrUM4gGqxduvCTMCoR7W', '韦秀珍', NULL, NULL, NULL, 1, NULL, '计算机科学与技术', '2023', 1, '2026-06-01 15:26:30', NULL, NULL);

-- ----------------------------
-- Table structure for user_profile
-- ----------------------------
DROP TABLE IF EXISTS `user_profile`;
CREATE TABLE `user_profile`  (
  `id` bigint NOT NULL AUTO_INCREMENT,
  `user_id` bigint NOT NULL,
  `total_focus_minutes` int NULL DEFAULT 0 COMMENT '累计专注时长',
  `total_qa_count` int NULL DEFAULT 0 COMMENT '累计问答次数',
  `total_docs` int NULL DEFAULT 0 COMMENT '累计文档数',
  `active_days` int NULL DEFAULT 0 COMMENT '活跃天数',
  `weak_knowledge_points` json NULL COMMENT '薄弱知识点 [\"数据结构\",\"算法\"]',
  `learning_habit` json NULL COMMENT '学习习惯 {\"peak_hour\":\"晚上\",\"style\":\"视觉型\"}',
  `updated_at` datetime NULL DEFAULT CURRENT_TIMESTAMP ON UPDATE CURRENT_TIMESTAMP,
  PRIMARY KEY (`id`) USING BTREE,
  UNIQUE INDEX `user_id`(`user_id` ASC) USING BTREE,
  CONSTRAINT `user_profile_ibfk_1` FOREIGN KEY (`user_id`) REFERENCES `user` (`id`) ON DELETE CASCADE ON UPDATE RESTRICT
) ENGINE = InnoDB AUTO_INCREMENT = 1 CHARACTER SET = utf8mb4 COLLATE = utf8mb4_unicode_ci COMMENT = '用户画像表(AI辅助)' ROW_FORMAT = Dynamic;

-- ----------------------------
-- Records of user_profile
-- ----------------------------

-- ----------------------------
-- Table structure for wrong_analysis_cache
-- ----------------------------
DROP TABLE IF EXISTS `wrong_analysis_cache`;
CREATE TABLE `wrong_analysis_cache`  (
  `user_id` bigint NOT NULL,
  `cache_hash` varchar(50) CHARACTER SET utf8mb4 COLLATE utf8mb4_unicode_ci NULL DEFAULT '0',
  `analysis_json` mediumtext CHARACTER SET utf8mb4 COLLATE utf8mb4_unicode_ci NULL,
  `updated_at` datetime NULL DEFAULT NULL,
  PRIMARY KEY (`user_id`) USING BTREE
) ENGINE = InnoDB CHARACTER SET = utf8mb4 COLLATE = utf8mb4_unicode_ci ROW_FORMAT = Dynamic;

-- ----------------------------
-- Records of wrong_analysis_cache
-- ----------------------------

SET FOREIGN_KEY_CHECKS = 1;
